  [1m[35m (8.6ms)[0m  [1m[35mCREATE TABLE "schema_migrations" ("version" character varying NOT NULL PRIMARY KEY)[0m
  [1m[35m (1.7ms)[0m  [1m[35mCREATE TABLE "ar_internal_metadata" ("key" character varying NOT NULL PRIMARY KEY, "value" character varying, "created_at" timestamp(6) NOT NULL, "updated_at" timestamp(6) NOT NULL)[0m
  [1m[35m (0.1ms)[0m  [1m[34mSELECT pg_try_advisory_lock(1954328683739792745)[0m
  [1m[36mActiveRecord::SchemaMigration Pluck (0.2ms)[0m  [1m[34mSELECT "schema_migrations"."version" FROM "schema_migrations" ORDER BY "schema_migrations"."version" ASC[0m
Migrating to CreateOrganizations (20250527115738)
  [1m[36mTRANSACTION (0.1ms)[0m  [1m[35mBEGIN[0m
  [1m[35m (1.8ms)[0m  [1m[35mCREATE TABLE "organizations" ("id" bigserial primary key, "created_at" timestamp(6) NOT NULL, "updated_at" timestamp(6) NOT NULL)[0m
  [1m[36mActiveRecord::SchemaMigration Create (0.3ms)[0m  [1m[32mINSERT INTO "schema_migrations" ("version") VALUES ($1) RETURNING "version"[0m  [["version", "20250527115738"]]
  [1m[36mTRANSACTION (1.1ms)[0m  [1m[35mCOMMIT[0m
Migrating to CreateAddresses (20250527115756)
  [1m[36mTRANSACTION (0.1ms)[0m  [1m[35mBEGIN[0m
  [1m[35m (1.0ms)[0m  [1m[35mCREATE TABLE "addresses" ("id" bigserial primary key, "created_at" timestamp(6) NOT NULL, "updated_at" timestamp(6) NOT NULL)[0m
  [1m[36mActiveRecord::SchemaMigration Create (0.1ms)[0m  [1m[32mINSERT INTO "schema_migrations" ("version") VALUES ($1) RETURNING "version"[0m  [["version", "20250527115756"]]
  [1m[36mTRANSACTION (1.0ms)[0m  [1m[35mCOMMIT[0m
Migrating to CreateSuppliers (20250527115803)
  [1m[36mTRANSACTION (0.2ms)[0m  [1m[35mBEGIN[0m
  [1m[35m (1.0ms)[0m  [1m[35mCREATE TABLE "suppliers" ("id" bigserial primary key, "created_at" timestamp(6) NOT NULL, "updated_at" timestamp(6) NOT NULL)[0m
  [1m[36mActiveRecord::SchemaMigration Create (0.1ms)[0m  [1m[32mINSERT INTO "schema_migrations" ("version") VALUES ($1) RETURNING "version"[0m  [["version", "20250527115803"]]
  [1m[36mTRANSACTION (1.1ms)[0m  [1m[35mCOMMIT[0m
Migrating to CreateInvoices (20250527115811)
  [1m[36mTRANSACTION (0.1ms)[0m  [1m[35mBEGIN[0m
  [1m[35m (0.6ms)[0m  [1m[35mCREATE TABLE "invoices" ("id" bigserial primary key, "created_at" timestamp(6) NOT NULL, "updated_at" timestamp(6) NOT NULL)[0m
  [1m[36mActiveRecord::SchemaMigration Create (0.1ms)[0m  [1m[32mINSERT INTO "schema_migrations" ("version") VALUES ($1) RETURNING "version"[0m  [["version", "20250527115811"]]
  [1m[36mTRANSACTION (1.0ms)[0m  [1m[35mCOMMIT[0m
Migrating to CreateAssetCoreTables (20250528200650)
  [1m[36mTRANSACTION (0.1ms)[0m  [1m[35mBEGIN[0m
  [1m[35m (0.1ms)[0m  [1m[35mDROP TABLE IF EXISTS "asset_core_records" CASCADE[0m
  [1m[35m (1.0ms)[0m  [1m[35mCREATE TABLE "asset_core_records" ("id" bigserial primary key, "asset_type" character varying, "asset_id" bigint, "model_id" bigint, "organization_type" character varying, "organization_id" bigint, "parent_id" bigint, "manufacturer_type" character varying, "manufacturer_id" bigint, "name" character varying, "description" text, "number" character varying, "tag_number" character varying, "state" character varying, "registered_at" timestamp(6), "discharged_at" timestamp(6), "data" jsonb, "type" character varying, "deleted_at" timestamp(6), "created_at" timestamp(6) NOT NULL, "updated_at" timestamp(6) NOT NULL)[0m
  [1m[35m (0.3ms)[0m  [1m[35mCREATE INDEX "index_asset_core_records_on_asset" ON "asset_core_records" ("asset_type", "asset_id")[0m
  [1m[35m (0.2ms)[0m  [1m[35mCREATE INDEX "index_asset_core_records_on_model_id" ON "asset_core_records" ("model_id")[0m
  [1m[35m (0.2ms)[0m  [1m[35mCREATE INDEX "index_asset_core_records_on_organization" ON "asset_core_records" ("organization_type", "organization_id")[0m
  [1m[35m (0.2ms)[0m  [1m[35mCREATE INDEX "index_asset_core_records_on_parent_id" ON "asset_core_records" ("parent_id")[0m
  [1m[35m (0.3ms)[0m  [1m[35mCREATE INDEX "index_asset_core_records_on_manufacturer" ON "asset_core_records" ("manufacturer_type", "manufacturer_id")[0m
  [1m[35m (0.1ms)[0m  [1m[35mDROP TABLE IF EXISTS "asset_core_models" CASCADE[0m
  [1m[35m (1.0ms)[0m  [1m[35mCREATE TABLE "asset_core_models" ("id" bigserial primary key, "organization_type" character varying, "organization_id" bigint, "name" character varying, "number" character varying, "description" text, "state" character varying, "data" jsonb, "type" character varying, "deleted_at" timestamp(6), "created_at" timestamp(6) NOT NULL, "updated_at" timestamp(6) NOT NULL)[0m
  [1m[35m (0.3ms)[0m  [1m[35mCREATE INDEX "index_asset_core_models_on_organization" ON "asset_core_models" ("organization_type", "organization_id")[0m
  [1m[35m (0.2ms)[0m  [1m[35mCREATE TABLE "asset_core_record_hierarchies" ("ancestor_id" integer NOT NULL, "descendant_id" integer NOT NULL, "generations" integer NOT NULL)[0m
  [1m[35m (0.1ms)[0m  [1m[35mDROP TABLE IF EXISTS "asset_core_entries" CASCADE[0m
  [1m[35m (1.3ms)[0m  [1m[35mCREATE TABLE "asset_core_entries" ("id" bigserial primary key, "record_id" bigint, "reference_type" character varying, "reference_id" bigint, "previous_entry_id" bigint, "action_type" character varying, "action_id" bigint, "number" character varying, "description" text, "state" character varying, "rejected_at" timestamp(6), "approved_at" timestamp(6), "effective_at" timestamp(6), "use_reference_data" boolean DEFAULT FALSE, "remark" text, "initial" boolean DEFAULT FALSE, "batch" boolean DEFAULT FALSE, "data" jsonb DEFAULT '{}', "metadata" jsonb DEFAULT '{}', "type" character varying, "deleted_at" timestamp(6), "created_at" timestamp(6) NOT NULL, "updated_at" timestamp(6) NOT NULL)[0m
  [1m[35m (0.2ms)[0m  [1m[35mCREATE INDEX "index_asset_core_entries_on_record_id" ON "asset_core_entries" ("record_id")[0m
  [1m[35m (0.3ms)[0m  [1m[35mCREATE INDEX "index_asset_core_entries_on_reference" ON "asset_core_entries" ("reference_type", "reference_id")[0m
  [1m[35m (0.2ms)[0m  [1m[35mCREATE INDEX "index_asset_core_entries_on_previous_entry_id" ON "asset_core_entries" ("previous_entry_id")[0m
  [1m[35m (0.3ms)[0m  [1m[35mCREATE INDEX "index_asset_core_entries_on_action" ON "asset_core_entries" ("action_type", "action_id")[0m
  [1m[35m (0.1ms)[0m  [1m[35mDROP TABLE IF EXISTS "asset_core_states" CASCADE[0m
  [1m[35m (1.0ms)[0m  [1m[35mCREATE TABLE "asset_core_states" ("id" bigserial primary key, "record_id" bigint, "previous_state_id" bigint, "reference_type" character varying, "reference_id" bigint, "action_type" character varying, "action_id" bigint, "name" character varying, "label" character varying, "state" character varying, "rejected_at" timestamp(6), "approved_at" timestamp(6), "effective_at" timestamp(6), "use_reference_data" boolean DEFAULT FALSE, "remark" text, "initial" boolean DEFAULT FALSE, "data" jsonb DEFAULT '{}', "metadata" jsonb DEFAULT '{}', "type" character varying, "deleted_at" timestamp(6), "created_at" timestamp(6) NOT NULL, "updated_at" timestamp(6) NOT NULL)[0m
  [1m[35m (0.2ms)[0m  [1m[35mCREATE INDEX "index_asset_core_states_on_record_id" ON "asset_core_states" ("record_id")[0m
  [1m[35m (0.2ms)[0m  [1m[35mCREATE INDEX "index_asset_core_states_on_previous_state_id" ON "asset_core_states" ("previous_state_id")[0m
  [1m[35m (0.3ms)[0m  [1m[35mCREATE INDEX "index_asset_core_states_on_reference" ON "asset_core_states" ("reference_type", "reference_id")[0m
  [1m[35m (0.3ms)[0m  [1m[35mCREATE INDEX "index_asset_core_states_on_action" ON "asset_core_states" ("action_type", "action_id")[0m
  [1m[35m (0.1ms)[0m  [1m[35mDROP TABLE IF EXISTS "asset_core_generics" CASCADE[0m
  [1m[35m (1.8ms)[0m  [1m[35mCREATE TABLE "asset_core_generics" ("id" bigserial primary key, "name" character varying, "description" text, "type" character varying, "deleted_at" timestamp(6), "created_at" timestamp(6) NOT NULL, "updated_at" timestamp(6) NOT NULL)[0m
  [1m[36mActiveRecord::SchemaMigration Create (0.2ms)[0m  [1m[32mINSERT INTO "schema_migrations" ("version") VALUES ($1) RETURNING "version"[0m  [["version", "20250528200650"]]
  [1m[36mTRANSACTION (1.6ms)[0m  [1m[35mCOMMIT[0m
  [1m[36mActiveRecord::InternalMetadata Load (0.1ms)[0m  [1m[34mSELECT "ar_internal_metadata".* FROM "ar_internal_metadata" WHERE "ar_internal_metadata"."key" = $1 LIMIT $2[0m  [["key", "environment"], ["LIMIT", 1]]
  [1m[36mTRANSACTION (0.0ms)[0m  [1m[35mBEGIN[0m
  [1m[36mActiveRecord::InternalMetadata Create (0.3ms)[0m  [1m[32mINSERT INTO "ar_internal_metadata" ("key", "value", "created_at", "updated_at") VALUES ($1, $2, $3, $4) RETURNING "key"[0m  [["key", "environment"], ["value", "development"], ["created_at", "2025-05-28 20:07:03.100246"], ["updated_at", "2025-05-28 20:07:03.100246"]]
  [1m[36mTRANSACTION (0.8ms)[0m  [1m[35mCOMMIT[0m
  [1m[35m (0.2ms)[0m  [1m[34mSELECT pg_advisory_unlock(1954328683739792745)[0m
  [1m[36mActiveRecord::SchemaMigration Pluck (0.3ms)[0m  [1m[34mSELECT "schema_migrations"."version" FROM "schema_migrations" ORDER BY "schema_migrations"."version" ASC[0m
  [1m[35m (0.1ms)[0m  [1m[34mSELECT pg_try_advisory_lock(1954328683739792745)[0m
  [1m[36mActiveRecord::SchemaMigration Pluck (0.5ms)[0m  [1m[34mSELECT "schema_migrations"."version" FROM "schema_migrations" ORDER BY "schema_migrations"."version" ASC[0m
Migrating to CreateAssetCoreTables (20250607163522)
  [1m[36mTRANSACTION (0.2ms)[0m  [1m[35mBEGIN[0m
  [1m[35m (3.9ms)[0m  [1m[35mDROP TABLE IF EXISTS "asset_core_records" CASCADE[0m
  [1m[35m (8.4ms)[0m  [1m[35mCREATE TABLE "asset_core_records" ("id" bigserial primary key, "asset_type" character varying, "asset_id" bigint, "model_id" bigint, "owner_type" character varying, "owner_id" bigint, "parent_id" bigint, "manufacturer_type" character varying, "manufacturer_id" bigint, "name" character varying, "description" text, "number" character varying, "tag_number" character varying, "state" character varying, "registered_at" timestamp(6), "discharged_at" timestamp(6), "data" jsonb, "type" character varying, "deleted_at" timestamp(6), "created_at" timestamp(6) NOT NULL, "updated_at" timestamp(6) NOT NULL)[0m
  [1m[35m (0.4ms)[0m  [1m[35mCREATE INDEX "index_asset_core_records_on_asset" ON "asset_core_records" ("asset_type", "asset_id")[0m
  [1m[35m (0.6ms)[0m  [1m[35mCREATE INDEX "index_asset_core_records_on_model_id" ON "asset_core_records" ("model_id")[0m
  [1m[35m (0.3ms)[0m  [1m[35mCREATE INDEX "index_asset_core_records_on_owner" ON "asset_core_records" ("owner_type", "owner_id")[0m
  [1m[35m (0.3ms)[0m  [1m[35mCREATE INDEX "index_asset_core_records_on_parent_id" ON "asset_core_records" ("parent_id")[0m
  [1m[35m (0.3ms)[0m  [1m[35mCREATE INDEX "index_asset_core_records_on_manufacturer" ON "asset_core_records" ("manufacturer_type", "manufacturer_id")[0m
  [1m[35m (0.6ms)[0m  [1m[35mDROP TABLE IF EXISTS "asset_core_models" CASCADE[0m
  [1m[35m (1.3ms)[0m  [1m[35mCREATE TABLE "asset_core_models" ("id" bigserial primary key, "owner_type" character varying, "owner_id" bigint, "name" character varying, "number" character varying, "description" text, "state" character varying, "data" jsonb, "type" character varying, "deleted_at" timestamp(6), "created_at" timestamp(6) NOT NULL, "updated_at" timestamp(6) NOT NULL)[0m
  [1m[35m (0.4ms)[0m  [1m[35mCREATE INDEX "index_asset_core_models_on_owner" ON "asset_core_models" ("owner_type", "owner_id")[0m
  [1m[35m (1.8ms)[0m  [1m[35mCREATE TABLE "asset_core_record_hierarchies" ("ancestor_id" integer NOT NULL, "descendant_id" integer NOT NULL, "generations" integer NOT NULL)[0m
  [1m[36mTRANSACTION (0.1ms)[0m  [1m[31mROLLBACK[0m
  [1m[35m (0.2ms)[0m  [1m[34mSELECT pg_advisory_unlock(1954328683739792745)[0m
  [1m[36mActiveRecord::SchemaMigration Pluck (0.4ms)[0m  [1m[34mSELECT "schema_migrations"."version" FROM "schema_migrations" ORDER BY "schema_migrations"."version" ASC[0m
  [1m[36mActiveRecord::InternalMetadata Pluck (0.5ms)[0m  [1m[34mSELECT "ar_internal_metadata"."value" FROM "ar_internal_metadata" WHERE "ar_internal_metadata"."key" = $1 LIMIT $2[0m  [["key", "environment"], ["LIMIT", 1]]
  [1m[36mActiveRecord::SchemaMigration Pluck (0.1ms)[0m  [1m[34mSELECT "schema_migrations"."version" FROM "schema_migrations" ORDER BY "schema_migrations"."version" ASC[0m
  [1m[36mActiveRecord::InternalMetadata Pluck (0.1ms)[0m  [1m[34mSELECT "ar_internal_metadata"."value" FROM "ar_internal_metadata" WHERE "ar_internal_metadata"."key" = $1 LIMIT $2[0m  [["key", "environment"], ["LIMIT", 1]]
  [1m[36mActiveRecord::SchemaMigration Pluck (0.1ms)[0m  [1m[34mSELECT "schema_migrations"."version" FROM "schema_migrations" ORDER BY "schema_migrations"."version" ASC[0m
  [1m[36mActiveRecord::InternalMetadata Pluck (0.1ms)[0m  [1m[34mSELECT "ar_internal_metadata"."value" FROM "ar_internal_metadata" WHERE "ar_internal_metadata"."key" = $1 LIMIT $2[0m  [["key", "environment"], ["LIMIT", 1]]
  [1m[35m (58.1ms)[0m  [1m[35mDROP DATABASE IF EXISTS "dummy_asset_core_development"[0m
  [1m[35m (0.1ms)[0m  [1m[35mDROP DATABASE IF EXISTS "dummy_asset_core_development"[0m
  [1m[35m (85.9ms)[0m  [1m[35mCREATE DATABASE "dummy_asset_core_development" ENCODING = 'unicode'[0m
  [1m[35m (0.7ms)[0m  [1m[35mCREATE DATABASE "dummy_asset_core_development" ENCODING = 'unicode'[0m
  [1m[35m (3.6ms)[0m  [1m[35mCREATE TABLE "schema_migrations" ("version" character varying NOT NULL PRIMARY KEY)[0m
  [1m[35m (2.3ms)[0m  [1m[35mCREATE TABLE "ar_internal_metadata" ("key" character varying NOT NULL PRIMARY KEY, "value" character varying, "created_at" timestamp(6) NOT NULL, "updated_at" timestamp(6) NOT NULL)[0m
  [1m[35m (0.2ms)[0m  [1m[34mSELECT pg_try_advisory_lock(1954328683739792745)[0m
  [1m[36mActiveRecord::SchemaMigration Pluck (0.2ms)[0m  [1m[34mSELECT "schema_migrations"."version" FROM "schema_migrations" ORDER BY "schema_migrations"."version" ASC[0m
Migrating to CreateOrganizations (20250527115738)
  [1m[36mTRANSACTION (0.1ms)[0m  [1m[35mBEGIN[0m
  [1m[35m (2.0ms)[0m  [1m[35mCREATE TABLE "organizations" ("id" bigserial primary key, "name" character varying, "type" character varying, "created_at" timestamp(6) NOT NULL, "updated_at" timestamp(6) NOT NULL)[0m
  [1m[36mActiveRecord::SchemaMigration Create (0.3ms)[0m  [1m[32mINSERT INTO "schema_migrations" ("version") VALUES ($1) RETURNING "version"[0m  [["version", "20250527115738"]]
  [1m[36mTRANSACTION (1.0ms)[0m  [1m[35mCOMMIT[0m
Migrating to CreateAddresses (20250527115756)
  [1m[36mTRANSACTION (0.1ms)[0m  [1m[35mBEGIN[0m
  [1m[35m (1.3ms)[0m  [1m[35mCREATE TABLE "addresses" ("id" bigserial primary key, "addressable_type" character varying, "addressable_id" bigint, "name" character varying, "latitude" decimal(10,6), "longitude" decimal(10,6), "created_at" timestamp(6) NOT NULL, "updated_at" timestamp(6) NOT NULL)[0m
  [1m[35m (0.3ms)[0m  [1m[35mCREATE INDEX "index_addresses_on_addressable" ON "addresses" ("addressable_type", "addressable_id")[0m
  [1m[36mActiveRecord::SchemaMigration Create (0.1ms)[0m  [1m[32mINSERT INTO "schema_migrations" ("version") VALUES ($1) RETURNING "version"[0m  [["version", "20250527115756"]]
  [1m[36mTRANSACTION (1.0ms)[0m  [1m[35mCOMMIT[0m
Migrating to CreateInvoices (20250527115811)
  [1m[36mTRANSACTION (0.1ms)[0m  [1m[35mBEGIN[0m
  [1m[35m (1.0ms)[0m  [1m[35mCREATE TABLE "invoices" ("id" bigserial primary key, "number" character varying, "amount" decimal(10,6), "created_at" timestamp(6) NOT NULL, "updated_at" timestamp(6) NOT NULL)[0m
  [1m[36mActiveRecord::SchemaMigration Create (0.1ms)[0m  [1m[32mINSERT INTO "schema_migrations" ("version") VALUES ($1) RETURNING "version"[0m  [["version", "20250527115811"]]
  [1m[36mTRANSACTION (1.2ms)[0m  [1m[35mCOMMIT[0m
Migrating to CreateAssetCoreTables (20250607163522)
  [1m[36mTRANSACTION (0.2ms)[0m  [1m[35mBEGIN[0m
  [1m[35m (0.1ms)[0m  [1m[35mDROP TABLE IF EXISTS "asset_core_records" CASCADE[0m
  [1m[35m (1.1ms)[0m  [1m[35mCREATE TABLE "asset_core_records" ("id" bigserial primary key, "asset_type" character varying, "asset_id" bigint, "model_id" bigint, "owner_type" character varying, "owner_id" bigint, "parent_id" bigint, "manufacturer_type" character varying, "manufacturer_id" bigint, "name" character varying, "description" text, "number" character varying, "tag_number" character varying, "state" character varying, "registered_at" timestamp(6), "discharged_at" timestamp(6), "data" jsonb, "type" character varying, "deleted_at" timestamp(6), "created_at" timestamp(6) NOT NULL, "updated_at" timestamp(6) NOT NULL)[0m
  [1m[35m (0.3ms)[0m  [1m[35mCREATE INDEX "index_asset_core_records_on_asset" ON "asset_core_records" ("asset_type", "asset_id")[0m
  [1m[35m (0.2ms)[0m  [1m[35mCREATE INDEX "index_asset_core_records_on_model_id" ON "asset_core_records" ("model_id")[0m
  [1m[35m (0.2ms)[0m  [1m[35mCREATE INDEX "index_asset_core_records_on_owner" ON "asset_core_records" ("owner_type", "owner_id")[0m
  [1m[35m (0.3ms)[0m  [1m[35mCREATE INDEX "index_asset_core_records_on_parent_id" ON "asset_core_records" ("parent_id")[0m
  [1m[35m (0.3ms)[0m  [1m[35mCREATE INDEX "index_asset_core_records_on_manufacturer" ON "asset_core_records" ("manufacturer_type", "manufacturer_id")[0m
  [1m[35m (0.1ms)[0m  [1m[35mDROP TABLE IF EXISTS "asset_core_models" CASCADE[0m
  [1m[35m (0.9ms)[0m  [1m[35mCREATE TABLE "asset_core_models" ("id" bigserial primary key, "owner_type" character varying, "owner_id" bigint, "name" character varying, "number" character varying, "description" text, "state" character varying, "data" jsonb, "type" character varying, "deleted_at" timestamp(6), "created_at" timestamp(6) NOT NULL, "updated_at" timestamp(6) NOT NULL)[0m
  [1m[35m (0.3ms)[0m  [1m[35mCREATE INDEX "index_asset_core_models_on_owner" ON "asset_core_models" ("owner_type", "owner_id")[0m
  [1m[35m (0.2ms)[0m  [1m[35mCREATE TABLE "asset_core_record_hierarchies" ("ancestor_id" integer NOT NULL, "descendant_id" integer NOT NULL, "generations" integer NOT NULL)[0m
  [1m[35m (0.1ms)[0m  [1m[35mDROP TABLE IF EXISTS "asset_core_entries" CASCADE[0m
  [1m[35m (1.5ms)[0m  [1m[35mCREATE TABLE "asset_core_entries" ("id" bigserial primary key, "record_id" bigint, "reference_type" character varying, "reference_id" bigint, "previous_entry_id" bigint, "action_type" character varying, "action_id" bigint, "number" character varying, "description" text, "state" character varying, "rejected_at" timestamp(6), "approved_at" timestamp(6), "effective_at" timestamp(6), "use_reference_data" boolean DEFAULT FALSE, "remark" text, "initial" boolean DEFAULT FALSE, "batch" boolean DEFAULT FALSE, "data" jsonb DEFAULT '{}', "metadata" jsonb DEFAULT '{}', "type" character varying, "deleted_at" timestamp(6), "created_at" timestamp(6) NOT NULL, "updated_at" timestamp(6) NOT NULL)[0m
  [1m[35m (0.2ms)[0m  [1m[35mCREATE INDEX "index_asset_core_entries_on_record_id" ON "asset_core_entries" ("record_id")[0m
  [1m[35m (0.2ms)[0m  [1m[35mCREATE INDEX "index_asset_core_entries_on_reference" ON "asset_core_entries" ("reference_type", "reference_id")[0m
  [1m[35m (0.2ms)[0m  [1m[35mCREATE INDEX "index_asset_core_entries_on_previous_entry_id" ON "asset_core_entries" ("previous_entry_id")[0m
  [1m[35m (0.3ms)[0m  [1m[35mCREATE INDEX "index_asset_core_entries_on_action" ON "asset_core_entries" ("action_type", "action_id")[0m
  [1m[35m (0.1ms)[0m  [1m[35mDROP TABLE IF EXISTS "asset_core_entry_items" CASCADE[0m
  [1m[35m (1.9ms)[0m  [1m[35mCREATE TABLE "asset_core_entry_items" ("id" bigserial primary key, "entry_id" bigint, "reference_type" character varying, "reference_id" bigint, "number" character varying, "description" text, "data" jsonb, "metadata" jsonb, "type" character varying, "deleted_at" timestamp(6), "created_at" timestamp(6) NOT NULL, "updated_at" timestamp(6) NOT NULL)[0m
  [1m[35m (0.5ms)[0m  [1m[35mCREATE INDEX "index_asset_core_entry_items_on_entry_id" ON "asset_core_entry_items" ("entry_id")[0m
  [1m[35m (0.5ms)[0m  [1m[35mCREATE INDEX "index_asset_core_entry_items_on_reference" ON "asset_core_entry_items" ("reference_type", "reference_id")[0m
  [1m[35m (0.3ms)[0m  [1m[35mDROP TABLE IF EXISTS "asset_core_states" CASCADE[0m
  [1m[35m (2.1ms)[0m  [1m[35mCREATE TABLE "asset_core_states" ("id" bigserial primary key, "record_id" bigint, "previous_state_id" bigint, "reference_type" character varying, "reference_id" bigint, "action_type" character varying, "action_id" bigint, "index" integer, "state" character varying, "rejected_at" timestamp(6), "approved_at" timestamp(6), "effective_at" timestamp(6), "use_reference_data" boolean DEFAULT FALSE, "remark" text, "initial" boolean DEFAULT FALSE, "data" jsonb DEFAULT '{}', "metadata" jsonb DEFAULT '{}', "type" character varying, "deleted_at" timestamp(6), "created_at" timestamp(6) NOT NULL, "updated_at" timestamp(6) NOT NULL)[0m
  [1m[35m (0.4ms)[0m  [1m[35mCREATE INDEX "index_asset_core_states_on_record_id" ON "asset_core_states" ("record_id")[0m
  [1m[35m (0.4ms)[0m  [1m[35mCREATE INDEX "index_asset_core_states_on_previous_state_id" ON "asset_core_states" ("previous_state_id")[0m
  [1m[35m (0.5ms)[0m  [1m[35mCREATE INDEX "index_asset_core_states_on_reference" ON "asset_core_states" ("reference_type", "reference_id")[0m
  [1m[35m (0.4ms)[0m  [1m[35mCREATE INDEX "index_asset_core_states_on_action" ON "asset_core_states" ("action_type", "action_id")[0m
  [1m[35m (0.1ms)[0m  [1m[35mDROP TABLE IF EXISTS "asset_core_generics" CASCADE[0m
  [1m[35m (1.5ms)[0m  [1m[35mCREATE TABLE "asset_core_generics" ("id" bigserial primary key, "name" character varying, "description" text, "type" character varying, "deleted_at" timestamp(6), "created_at" timestamp(6) NOT NULL, "updated_at" timestamp(6) NOT NULL)[0m
  [1m[36mActiveRecord::SchemaMigration Create (0.1ms)[0m  [1m[32mINSERT INTO "schema_migrations" ("version") VALUES ($1) RETURNING "version"[0m  [["version", "20250607163522"]]
  [1m[36mTRANSACTION (1.6ms)[0m  [1m[35mCOMMIT[0m
  [1m[36mActiveRecord::InternalMetadata Load (0.2ms)[0m  [1m[34mSELECT "ar_internal_metadata".* FROM "ar_internal_metadata" WHERE "ar_internal_metadata"."key" = $1 LIMIT $2[0m  [["key", "environment"], ["LIMIT", 1]]
  [1m[36mTRANSACTION (0.1ms)[0m  [1m[35mBEGIN[0m
  [1m[36mActiveRecord::InternalMetadata Create (0.3ms)[0m  [1m[32mINSERT INTO "ar_internal_metadata" ("key", "value", "created_at", "updated_at") VALUES ($1, $2, $3, $4) RETURNING "key"[0m  [["key", "environment"], ["value", "development"], ["created_at", "2025-06-07 16:37:36.659501"], ["updated_at", "2025-06-07 16:37:36.659501"]]
  [1m[36mTRANSACTION (0.9ms)[0m  [1m[35mCOMMIT[0m
  [1m[35m (0.2ms)[0m  [1m[34mSELECT pg_advisory_unlock(1954328683739792745)[0m
  [1m[36mActiveRecord::SchemaMigration Pluck (0.3ms)[0m  [1m[34mSELECT "schema_migrations"."version" FROM "schema_migrations" ORDER BY "schema_migrations"."version" ASC[0m
  [1m[35m (0.1ms)[0m  [1m[34mSELECT pg_try_advisory_lock(1954328683739792745)[0m
  [1m[36mActiveRecord::SchemaMigration Pluck (0.5ms)[0m  [1m[34mSELECT "schema_migrations"."version" FROM "schema_migrations" ORDER BY "schema_migrations"."version" ASC[0m
Migrating to CreateAssets (20250607165913)
  [1m[36mTRANSACTION (0.1ms)[0m  [1m[35mBEGIN[0m
  [1m[35m (4.8ms)[0m  [1m[35mCREATE TABLE "assets" ("id" bigserial primary key, "owner_type" character varying, "owner_id" bigint, "name" character varying, "description" text, "created_at" timestamp(6) NOT NULL, "updated_at" timestamp(6) NOT NULL)[0m
  [1m[35m (0.6ms)[0m  [1m[35mCREATE INDEX "index_assets_on_owner" ON "assets" ("owner_type", "owner_id")[0m
  [1m[36mActiveRecord::SchemaMigration Create (0.3ms)[0m  [1m[32mINSERT INTO "schema_migrations" ("version") VALUES ($1) RETURNING "version"[0m  [["version", "20250607165913"]]
  [1m[36mTRANSACTION (1.6ms)[0m  [1m[35mCOMMIT[0m
  [1m[36mActiveRecord::InternalMetadata Load (0.2ms)[0m  [1m[34mSELECT "ar_internal_metadata".* FROM "ar_internal_metadata" WHERE "ar_internal_metadata"."key" = $1 LIMIT $2[0m  [["key", "environment"], ["LIMIT", 1]]
  [1m[35m (0.2ms)[0m  [1m[34mSELECT pg_advisory_unlock(1954328683739792745)[0m
  [1m[36mActiveRecord::SchemaMigration Pluck (0.3ms)[0m  [1m[34mSELECT "schema_migrations"."version" FROM "schema_migrations" ORDER BY "schema_migrations"."version" ASC[0m
  [1m[36mActiveRecord::SchemaMigration Pluck (0.5ms)[0m  [1m[34mSELECT "schema_migrations"."version" FROM "schema_migrations" ORDER BY "schema_migrations"."version" ASC[0m
  [1m[36mActiveRecord::SchemaMigration Pluck (0.2ms)[0m  [1m[34mSELECT "schema_migrations"."version" FROM "schema_migrations" ORDER BY "schema_migrations"."version" ASC[0m
  [1m[35m (0.1ms)[0m  [1m[34mSELECT pg_try_advisory_lock(1954328683739792745)[0m
  [1m[36mActiveRecord::SchemaMigration Pluck (0.1ms)[0m  [1m[34mSELECT "schema_migrations"."version" FROM "schema_migrations" ORDER BY "schema_migrations"."version" ASC[0m
Migrating to CreateAssets (20250607165913)
  [1m[36mTRANSACTION (0.1ms)[0m  [1m[35mBEGIN[0m
  [1m[35m (1.3ms)[0m  [1m[35mDROP TABLE "assets"[0m
  [1m[36mActiveRecord::SchemaMigration Delete All (0.3ms)[0m  [1m[31mDELETE FROM "schema_migrations" WHERE "schema_migrations"."version" = $1[0m  [["version", "20250607165913"]]
  [1m[36mTRANSACTION (1.5ms)[0m  [1m[35mCOMMIT[0m
Migrating to CreateAssetCoreTables (20250607163522)
  [1m[36mTRANSACTION (0.1ms)[0m  [1m[35mBEGIN[0m
  [1m[35m (0.7ms)[0m  [1m[35mDROP TABLE "asset_core_records"[0m
  [1m[35m (0.5ms)[0m  [1m[35mDROP TABLE "asset_core_models"[0m
  [1m[35m (0.2ms)[0m  [1m[35mDROP TABLE "asset_core_record_hierarchies"[0m
  [1m[35m (0.7ms)[0m  [1m[35mDROP TABLE "asset_core_entries"[0m
  [1m[35m (0.7ms)[0m  [1m[35mDROP TABLE "asset_core_states"[0m
  [1m[35m (0.3ms)[0m  [1m[35mDROP TABLE "asset_core_generics"[0m
  [1m[35m (0.1ms)[0m  [1m[35mDROP VIEW IF EXISTS asset_core_combined_entries;[0m
  [1m[36mActiveRecord::SchemaMigration Delete All (0.1ms)[0m  [1m[31mDELETE FROM "schema_migrations" WHERE "schema_migrations"."version" = $1[0m  [["version", "20250607163522"]]
  [1m[36mTRANSACTION (2.9ms)[0m  [1m[35mCOMMIT[0m
Migrating to CreateInvoices (20250527115811)
  [1m[36mTRANSACTION (0.1ms)[0m  [1m[35mBEGIN[0m
  [1m[35m (0.4ms)[0m  [1m[35mDROP TABLE "invoices"[0m
  [1m[36mActiveRecord::SchemaMigration Delete All (0.1ms)[0m  [1m[31mDELETE FROM "schema_migrations" WHERE "schema_migrations"."version" = $1[0m  [["version", "20250527115811"]]
  [1m[36mTRANSACTION (1.2ms)[0m  [1m[35mCOMMIT[0m
Migrating to CreateAddresses (20250527115756)
  [1m[36mTRANSACTION (0.1ms)[0m  [1m[35mBEGIN[0m
  [1m[35m (0.4ms)[0m  [1m[35mDROP TABLE "addresses"[0m
  [1m[36mActiveRecord::SchemaMigration Delete All (0.1ms)[0m  [1m[31mDELETE FROM "schema_migrations" WHERE "schema_migrations"."version" = $1[0m  [["version", "20250527115756"]]
  [1m[36mTRANSACTION (1.4ms)[0m  [1m[35mCOMMIT[0m
Migrating to CreateOrganizations (20250527115738)
  [1m[36mTRANSACTION (0.1ms)[0m  [1m[35mBEGIN[0m
  [1m[35m (0.5ms)[0m  [1m[35mDROP TABLE "organizations"[0m
  [1m[36mActiveRecord::SchemaMigration Delete All (0.2ms)[0m  [1m[31mDELETE FROM "schema_migrations" WHERE "schema_migrations"."version" = $1[0m  [["version", "20250527115738"]]
  [1m[36mTRANSACTION (1.4ms)[0m  [1m[35mCOMMIT[0m
  [1m[35m (0.2ms)[0m  [1m[34mSELECT pg_advisory_unlock(1954328683739792745)[0m
  [1m[36mActiveRecord::SchemaMigration Pluck (0.5ms)[0m  [1m[34mSELECT "schema_migrations"."version" FROM "schema_migrations" ORDER BY "schema_migrations"."version" ASC[0m
  [1m[36mActiveRecord::SchemaMigration Pluck (0.4ms)[0m  [1m[34mSELECT "schema_migrations"."version" FROM "schema_migrations" ORDER BY "schema_migrations"."version" ASC[0m
  [1m[36mActiveRecord::SchemaMigration Pluck (0.4ms)[0m  [1m[34mSELECT "schema_migrations"."version" FROM "schema_migrations" ORDER BY "schema_migrations"."version" ASC[0m
  [1m[35m (0.1ms)[0m  [1m[34mSELECT pg_try_advisory_lock(1954328683739792745)[0m
  [1m[36mActiveRecord::SchemaMigration Pluck (0.3ms)[0m  [1m[34mSELECT "schema_migrations"."version" FROM "schema_migrations" ORDER BY "schema_migrations"."version" ASC[0m
Migrating to CreateOrganizations (20250527115738)
  [1m[35m (0.2ms)[0m  [1m[34mSELECT pg_advisory_unlock(1954328683739792745)[0m
  [1m[35m (0.1ms)[0m  [1m[34mSELECT pg_try_advisory_lock(1954328683739792745)[0m
  [1m[36mActiveRecord::SchemaMigration Pluck (0.4ms)[0m  [1m[34mSELECT "schema_migrations"."version" FROM "schema_migrations" ORDER BY "schema_migrations"."version" ASC[0m
Migrating to CreateOrganizations (20250527115738)
  [1m[36mTRANSACTION (0.1ms)[0m  [1m[35mBEGIN[0m
  [1m[35m (3.2ms)[0m  [1m[35mCREATE TABLE "organizations" ("id" bigserial primary key, "parent_id" bigint, "name" character varying, "contact_number" character varying, "type" character varying, "created_at" timestamp(6) NOT NULL, "updated_at" timestamp(6) NOT NULL)[0m
  [1m[35m (0.4ms)[0m  [1m[35mCREATE INDEX "index_organizations_on_parent_id" ON "organizations" ("parent_id")[0m
  [1m[36mActiveRecord::SchemaMigration Create (0.2ms)[0m  [1m[32mINSERT INTO "schema_migrations" ("version") VALUES ($1) RETURNING "version"[0m  [["version", "20250527115738"]]
  [1m[36mTRANSACTION (1.5ms)[0m  [1m[35mCOMMIT[0m
Migrating to CreateAddresses (20250527115756)
  [1m[36mTRANSACTION (0.1ms)[0m  [1m[35mBEGIN[0m
  [1m[35m (1.6ms)[0m  [1m[35mCREATE TABLE "addresses" ("id" bigserial primary key, "addressable_type" character varying, "addressable_id" bigint, "name" character varying, "latitude" decimal(10,6), "longitude" decimal(10,6), "created_at" timestamp(6) NOT NULL, "updated_at" timestamp(6) NOT NULL)[0m
  [1m[35m (0.4ms)[0m  [1m[35mCREATE INDEX "index_addresses_on_addressable" ON "addresses" ("addressable_type", "addressable_id")[0m
  [1m[36mActiveRecord::SchemaMigration Create (0.1ms)[0m  [1m[32mINSERT INTO "schema_migrations" ("version") VALUES ($1) RETURNING "version"[0m  [["version", "20250527115756"]]
  [1m[36mTRANSACTION (4.0ms)[0m  [1m[35mCOMMIT[0m
Migrating to CreateInvoices (20250527115811)
  [1m[36mTRANSACTION (0.1ms)[0m  [1m[35mBEGIN[0m
  [1m[35m (1.7ms)[0m  [1m[35mCREATE TABLE "invoices" ("id" bigserial primary key, "number" character varying, "amount" decimal(10,6), "created_at" timestamp(6) NOT NULL, "updated_at" timestamp(6) NOT NULL)[0m
  [1m[36mActiveRecord::SchemaMigration Create (0.1ms)[0m  [1m[32mINSERT INTO "schema_migrations" ("version") VALUES ($1) RETURNING "version"[0m  [["version", "20250527115811"]]
  [1m[36mTRANSACTION (4.2ms)[0m  [1m[35mCOMMIT[0m
Migrating to CreateAssetCoreTables (20250607163522)
  [1m[36mTRANSACTION (0.1ms)[0m  [1m[35mBEGIN[0m
  [1m[35m (0.1ms)[0m  [1m[35mDROP TABLE IF EXISTS "asset_core_records" CASCADE[0m
  [1m[35m (1.9ms)[0m  [1m[35mCREATE TABLE "asset_core_records" ("id" bigserial primary key, "asset_type" character varying, "asset_id" bigint, "model_id" bigint, "owner_type" character varying, "owner_id" bigint, "parent_id" bigint, "manufacturer_type" character varying, "manufacturer_id" bigint, "name" character varying, "description" text, "number" character varying, "tag_number" character varying, "state" character varying, "registered_at" timestamp(6), "discharged_at" timestamp(6), "data" jsonb, "type" character varying, "deleted_at" timestamp(6), "created_at" timestamp(6) NOT NULL, "updated_at" timestamp(6) NOT NULL)[0m
  [1m[35m (0.4ms)[0m  [1m[35mCREATE INDEX "index_asset_core_records_on_asset" ON "asset_core_records" ("asset_type", "asset_id")[0m
  [1m[35m (0.4ms)[0m  [1m[35mCREATE INDEX "index_asset_core_records_on_model_id" ON "asset_core_records" ("model_id")[0m
  [1m[35m (0.4ms)[0m  [1m[35mCREATE INDEX "index_asset_core_records_on_owner" ON "asset_core_records" ("owner_type", "owner_id")[0m
  [1m[35m (0.4ms)[0m  [1m[35mCREATE INDEX "index_asset_core_records_on_parent_id" ON "asset_core_records" ("parent_id")[0m
  [1m[35m (0.5ms)[0m  [1m[35mCREATE INDEX "index_asset_core_records_on_manufacturer" ON "asset_core_records" ("manufacturer_type", "manufacturer_id")[0m
  [1m[35m (0.1ms)[0m  [1m[35mDROP TABLE IF EXISTS "asset_core_models" CASCADE[0m
  [1m[35m (1.7ms)[0m  [1m[35mCREATE TABLE "asset_core_models" ("id" bigserial primary key, "owner_type" character varying, "owner_id" bigint, "name" character varying, "number" character varying, "description" text, "state" character varying, "data" jsonb, "type" character varying, "deleted_at" timestamp(6), "created_at" timestamp(6) NOT NULL, "updated_at" timestamp(6) NOT NULL)[0m
  [1m[35m (0.4ms)[0m  [1m[35mCREATE INDEX "index_asset_core_models_on_owner" ON "asset_core_models" ("owner_type", "owner_id")[0m
  [1m[35m (0.4ms)[0m  [1m[35mCREATE TABLE "asset_core_record_hierarchies" ("ancestor_id" integer NOT NULL, "descendant_id" integer NOT NULL, "generations" integer NOT NULL)[0m
  [1m[35m (0.1ms)[0m  [1m[35mDROP TABLE IF EXISTS "asset_core_entries" CASCADE[0m
  [1m[35m (2.6ms)[0m  [1m[35mCREATE TABLE "asset_core_entries" ("id" bigserial primary key, "record_id" bigint, "reference_type" character varying, "reference_id" bigint, "previous_entry_id" bigint, "action_type" character varying, "action_id" bigint, "number" character varying, "description" text, "state" character varying, "rejected_at" timestamp(6), "approved_at" timestamp(6), "effective_at" timestamp(6), "use_reference_data" boolean DEFAULT FALSE, "remark" text, "initial" boolean DEFAULT FALSE, "batch" boolean DEFAULT FALSE, "data" jsonb DEFAULT '{}', "metadata" jsonb DEFAULT '{}', "type" character varying, "deleted_at" timestamp(6), "created_at" timestamp(6) NOT NULL, "updated_at" timestamp(6) NOT NULL)[0m
  [1m[35m (0.4ms)[0m  [1m[35mCREATE INDEX "index_asset_core_entries_on_record_id" ON "asset_core_entries" ("record_id")[0m
  [1m[35m (0.4ms)[0m  [1m[35mCREATE INDEX "index_asset_core_entries_on_reference" ON "asset_core_entries" ("reference_type", "reference_id")[0m
  [1m[35m (0.4ms)[0m  [1m[35mCREATE INDEX "index_asset_core_entries_on_previous_entry_id" ON "asset_core_entries" ("previous_entry_id")[0m
  [1m[35m (0.4ms)[0m  [1m[35mCREATE INDEX "index_asset_core_entries_on_action" ON "asset_core_entries" ("action_type", "action_id")[0m
  [1m[35m (0.5ms)[0m  [1m[35mDROP TABLE IF EXISTS "asset_core_entry_items" CASCADE[0m
  [1m[35m (0.9ms)[0m  [1m[35mCREATE TABLE "asset_core_entry_items" ("id" bigserial primary key, "entry_id" bigint, "reference_type" character varying, "reference_id" bigint, "number" character varying, "description" text, "data" jsonb, "metadata" jsonb, "type" character varying, "deleted_at" timestamp(6), "created_at" timestamp(6) NOT NULL, "updated_at" timestamp(6) NOT NULL)[0m
  [1m[35m (0.2ms)[0m  [1m[35mCREATE INDEX "index_asset_core_entry_items_on_entry_id" ON "asset_core_entry_items" ("entry_id")[0m
  [1m[35m (0.2ms)[0m  [1m[35mCREATE INDEX "index_asset_core_entry_items_on_reference" ON "asset_core_entry_items" ("reference_type", "reference_id")[0m
  [1m[35m (0.1ms)[0m  [1m[35mDROP TABLE IF EXISTS "asset_core_states" CASCADE[0m
  [1m[35m (1.2ms)[0m  [1m[35mCREATE TABLE "asset_core_states" ("id" bigserial primary key, "record_id" bigint, "previous_state_id" bigint, "reference_type" character varying, "reference_id" bigint, "action_type" character varying, "action_id" bigint, "index" integer, "state" character varying, "rejected_at" timestamp(6), "approved_at" timestamp(6), "effective_at" timestamp(6), "use_reference_data" boolean DEFAULT FALSE, "remark" text, "initial" boolean DEFAULT FALSE, "data" jsonb DEFAULT '{}', "metadata" jsonb DEFAULT '{}', "type" character varying, "deleted_at" timestamp(6), "created_at" timestamp(6) NOT NULL, "updated_at" timestamp(6) NOT NULL)[0m
  [1m[35m (0.3ms)[0m  [1m[35mCREATE INDEX "index_asset_core_states_on_record_id" ON "asset_core_states" ("record_id")[0m
  [1m[35m (0.2ms)[0m  [1m[35mCREATE INDEX "index_asset_core_states_on_previous_state_id" ON "asset_core_states" ("previous_state_id")[0m
  [1m[35m (0.2ms)[0m  [1m[35mCREATE INDEX "index_asset_core_states_on_reference" ON "asset_core_states" ("reference_type", "reference_id")[0m
  [1m[35m (0.3ms)[0m  [1m[35mCREATE INDEX "index_asset_core_states_on_action" ON "asset_core_states" ("action_type", "action_id")[0m
  [1m[35m (0.1ms)[0m  [1m[35mDROP TABLE IF EXISTS "asset_core_generics" CASCADE[0m
  [1m[35m (1.1ms)[0m  [1m[35mCREATE TABLE "asset_core_generics" ("id" bigserial primary key, "name" character varying, "description" text, "type" character varying, "deleted_at" timestamp(6), "created_at" timestamp(6) NOT NULL, "updated_at" timestamp(6) NOT NULL)[0m
  [1m[36mActiveRecord::SchemaMigration Create (0.1ms)[0m  [1m[32mINSERT INTO "schema_migrations" ("version") VALUES ($1) RETURNING "version"[0m  [["version", "20250607163522"]]
  [1m[36mTRANSACTION (5.3ms)[0m  [1m[35mCOMMIT[0m
Migrating to CreateAssets (20250607165913)
  [1m[36mTRANSACTION (0.2ms)[0m  [1m[35mBEGIN[0m
  [1m[35m (1.6ms)[0m  [1m[35mCREATE TABLE "assets" ("id" bigserial primary key, "owner_type" character varying, "owner_id" bigint, "name" character varying, "description" text, "created_at" timestamp(6) NOT NULL, "updated_at" timestamp(6) NOT NULL)[0m
  [1m[35m (0.4ms)[0m  [1m[35mCREATE INDEX "index_assets_on_owner" ON "assets" ("owner_type", "owner_id")[0m
  [1m[36mActiveRecord::SchemaMigration Create (0.1ms)[0m  [1m[32mINSERT INTO "schema_migrations" ("version") VALUES ($1) RETURNING "version"[0m  [["version", "20250607165913"]]
  [1m[36mTRANSACTION (1.1ms)[0m  [1m[35mCOMMIT[0m
  [1m[36mActiveRecord::InternalMetadata Load (0.2ms)[0m  [1m[34mSELECT "ar_internal_metadata".* FROM "ar_internal_metadata" WHERE "ar_internal_metadata"."key" = $1 LIMIT $2[0m  [["key", "environment"], ["LIMIT", 1]]
  [1m[35m (0.3ms)[0m  [1m[34mSELECT pg_advisory_unlock(1954328683739792745)[0m
  [1m[36mActiveRecord::SchemaMigration Pluck (0.5ms)[0m  [1m[34mSELECT "schema_migrations"."version" FROM "schema_migrations" ORDER BY "schema_migrations"."version" ASC[0m
  [1m[36mActiveRecord::SchemaMigration Pluck (0.5ms)[0m  [1m[34mSELECT "schema_migrations"."version" FROM "schema_migrations" ORDER BY "schema_migrations"."version" ASC[0m
  [1m[35m (3.0ms)[0m  [1m[35mTRUNCATE TABLE "organizations"[0m
  [1m[35m (2.7ms)[0m  [1m[35mTRUNCATE TABLE "addresses"[0m
  [1m[35m (2.3ms)[0m  [1m[35mTRUNCATE TABLE "assets"[0m
  [1m[35m (1.6ms)[0m  [1m[35mTRUNCATE TABLE "invoices"[0m
  [1m[35m (2.6ms)[0m  [1m[35mTRUNCATE TABLE "asset_core_records"[0m
  [1m[36mActiveRecord::SchemaMigration Pluck (0.3ms)[0m  [1m[34mSELECT "schema_migrations"."version" FROM "schema_migrations" ORDER BY "schema_migrations"."version" ASC[0m
  [1m[35m (2.2ms)[0m  [1m[35mTRUNCATE TABLE "organizations"[0m
  [1m[35m (1.8ms)[0m  [1m[35mTRUNCATE TABLE "addresses"[0m
  [1m[35m (1.6ms)[0m  [1m[35mTRUNCATE TABLE "assets"[0m
  [1m[35m (1.6ms)[0m  [1m[35mTRUNCATE TABLE "invoices"[0m
  [1m[35m (2.6ms)[0m  [1m[35mTRUNCATE TABLE "asset_core_records"[0m
  [1m[36mActiveRecord::SchemaMigration Pluck (0.5ms)[0m  [1m[34mSELECT "schema_migrations"."version" FROM "schema_migrations" ORDER BY "schema_migrations"."version" ASC[0m
  [1m[35m (4.0ms)[0m  [1m[35mTRUNCATE TABLE "organizations"[0m
  [1m[35m (2.4ms)[0m  [1m[35mTRUNCATE TABLE "addresses"[0m
  [1m[35m (2.5ms)[0m  [1m[35mTRUNCATE TABLE "assets"[0m
  [1m[35m (2.1ms)[0m  [1m[35mTRUNCATE TABLE "invoices"[0m
  [1m[35m (3.5ms)[0m  [1m[35mTRUNCATE TABLE "asset_core_records"[0m
  [1m[36mActiveRecord::SchemaMigration Pluck (0.5ms)[0m  [1m[34mSELECT "schema_migrations"."version" FROM "schema_migrations" ORDER BY "schema_migrations"."version" ASC[0m
  [1m[35m (9.9ms)[0m  [1m[35mTRUNCATE TABLE "organizations"[0m
  [1m[35m (2.9ms)[0m  [1m[35mTRUNCATE TABLE "addresses"[0m
  [1m[35m (2.1ms)[0m  [1m[35mTRUNCATE TABLE "assets"[0m
  [1m[35m (1.8ms)[0m  [1m[35mTRUNCATE TABLE "invoices"[0m
  [1m[35m (3.9ms)[0m  [1m[35mTRUNCATE TABLE "asset_core_records"[0m
  [1m[36mActiveRecord::SchemaMigration Pluck (0.5ms)[0m  [1m[34mSELECT "schema_migrations"."version" FROM "schema_migrations" ORDER BY "schema_migrations"."version" ASC[0m
  [1m[35m (9.7ms)[0m  [1m[35mTRUNCATE TABLE "organizations"[0m
  [1m[35m (2.5ms)[0m  [1m[35mTRUNCATE TABLE "addresses"[0m
  [1m[35m (2.4ms)[0m  [1m[35mTRUNCATE TABLE "assets"[0m
  [1m[35m (2.1ms)[0m  [1m[35mTRUNCATE TABLE "invoices"[0m
  [1m[35m (5.8ms)[0m  [1m[35mTRUNCATE TABLE "asset_core_records"[0m
  [1m[36mActiveRecord::SchemaMigration Pluck (0.3ms)[0m  [1m[34mSELECT "schema_migrations"."version" FROM "schema_migrations" ORDER BY "schema_migrations"."version" ASC[0m
  [1m[35m (8.8ms)[0m  [1m[35mTRUNCATE TABLE "organizations"[0m
  [1m[35m (2.3ms)[0m  [1m[35mTRUNCATE TABLE "addresses"[0m
  [1m[35m (1.6ms)[0m  [1m[35mTRUNCATE TABLE "assets"[0m
  [1m[35m (1.5ms)[0m  [1m[35mTRUNCATE TABLE "invoices"[0m
  [1m[35m (2.5ms)[0m  [1m[35mTRUNCATE TABLE "asset_core_records"[0m
  [1m[36mActiveRecord::SchemaMigration Pluck (0.4ms)[0m  [1m[34mSELECT "schema_migrations"."version" FROM "schema_migrations" ORDER BY "schema_migrations"."version" ASC[0m
  [1m[35m (2.1ms)[0m  [1m[35mTRUNCATE TABLE "organizations"[0m
  [1m[35m (1.8ms)[0m  [1m[35mTRUNCATE TABLE "addresses"[0m
  [1m[35m (1.8ms)[0m  [1m[35mTRUNCATE TABLE "assets"[0m
  [1m[35m (1.5ms)[0m  [1m[35mTRUNCATE TABLE "invoices"[0m
  [1m[35m (3.6ms)[0m  [1m[35mTRUNCATE TABLE "asset_core_records"[0m
  [1m[36mActiveRecord::SchemaMigration Pluck (0.3ms)[0m  [1m[34mSELECT "schema_migrations"."version" FROM "schema_migrations" ORDER BY "schema_migrations"."version" ASC[0m
  [1m[35m (9.8ms)[0m  [1m[35mTRUNCATE TABLE "organizations"[0m
  [1m[35m (2.7ms)[0m  [1m[35mTRUNCATE TABLE "addresses"[0m
  [1m[35m (2.4ms)[0m  [1m[35mTRUNCATE TABLE "assets"[0m
  [1m[35m (2.1ms)[0m  [1m[35mTRUNCATE TABLE "invoices"[0m
  [1m[35m (4.1ms)[0m  [1m[35mTRUNCATE TABLE "asset_core_records"[0m
  [1m[36mActiveRecord::SchemaMigration Pluck (0.3ms)[0m  [1m[34mSELECT "schema_migrations"."version" FROM "schema_migrations" ORDER BY "schema_migrations"."version" ASC[0m
  [1m[35m (9.7ms)[0m  [1m[35mTRUNCATE TABLE "organizations"[0m
  [1m[35m (2.6ms)[0m  [1m[35mTRUNCATE TABLE "addresses"[0m
  [1m[35m (2.4ms)[0m  [1m[35mTRUNCATE TABLE "assets"[0m
  [1m[35m (2.1ms)[0m  [1m[35mTRUNCATE TABLE "invoices"[0m
  [1m[35m (4.2ms)[0m  [1m[35mTRUNCATE TABLE "asset_core_records"[0m
  [1m[35m (5.1ms)[0m  [1m[35mTRUNCATE TABLE "asset_core_entries"[0m
  [1m[35m (3.7ms)[0m  [1m[35mTRUNCATE TABLE "asset_core_states"[0m
  [1m[36mActiveRecord::SchemaMigration Pluck (0.4ms)[0m  [1m[34mSELECT "schema_migrations"."version" FROM "schema_migrations" ORDER BY "schema_migrations"."version" ASC[0m
  [1m[35m (3.3ms)[0m  [1m[35mTRUNCATE TABLE "organizations"[0m
  [1m[35m (2.5ms)[0m  [1m[35mTRUNCATE TABLE "addresses"[0m
  [1m[35m (2.6ms)[0m  [1m[35mTRUNCATE TABLE "assets"[0m
  [1m[35m (2.1ms)[0m  [1m[35mTRUNCATE TABLE "invoices"[0m
  [1m[35m (4.2ms)[0m  [1m[35mTRUNCATE TABLE "asset_core_records"[0m
  [1m[35m (3.6ms)[0m  [1m[35mTRUNCATE TABLE "asset_core_entries"[0m
  [1m[35m (3.5ms)[0m  [1m[35mTRUNCATE TABLE "asset_core_states"[0m
  [1m[35m (2.4ms)[0m  [1m[35mTRUNCATE TABLE "asset_core_models"[0m
  [1m[35m (2.7ms)[0m  [1m[35mTRUNCATE TABLE "asset_core_entry_items"[0m
  [1m[36mActiveRecord::SchemaMigration Pluck (0.5ms)[0m  [1m[34mSELECT "schema_migrations"."version" FROM "schema_migrations" ORDER BY "schema_migrations"."version" ASC[0m
  [1m[35m (9.8ms)[0m  [1m[35mTRUNCATE TABLE "organizations"[0m
  [1m[35m (2.4ms)[0m  [1m[35mTRUNCATE TABLE "addresses"[0m
  [1m[35m (2.3ms)[0m  [1m[35mTRUNCATE TABLE "assets"[0m
  [1m[35m (2.1ms)[0m  [1m[35mTRUNCATE TABLE "invoices"[0m
  [1m[35m (3.6ms)[0m  [1m[35mTRUNCATE TABLE "asset_core_records"[0m
  [1m[35m (4.0ms)[0m  [1m[35mTRUNCATE TABLE "asset_core_entries"[0m
  [1m[35m (3.3ms)[0m  [1m[35mTRUNCATE TABLE "asset_core_states"[0m
  [1m[35m (2.2ms)[0m  [1m[35mTRUNCATE TABLE "asset_core_models"[0m
  [1m[35m (5.8ms)[0m  [1m[35mTRUNCATE TABLE "asset_core_entry_items"[0m
  [1m[36mTRANSACTION (0.1ms)[0m  [1m[35mBEGIN[0m
  [1m[36mOrganization::Company Create (0.6ms)[0m  [1m[32mINSERT INTO "organizations" ("parent_id", "name", "contact_number", "type", "created_at", "updated_at") VALUES ($1, $2, $3, $4, $5, $6) RETURNING "id"[0m  [["parent_id", nil], ["name", "Company #1"], ["contact_number", nil], ["type", "Organization::Company"], ["created_at", "2025-06-07 17:47:45.998250"], ["updated_at", "2025-06-07 17:47:45.998250"]]
  [1m[36mTRANSACTION (4.0ms)[0m  [1m[35mCOMMIT[0m
  [1m[36mTRANSACTION (0.1ms)[0m  [1m[35mBEGIN[0m
  [1m[36mAddress Create (0.5ms)[0m  [1m[32mINSERT INTO "addresses" ("addressable_type", "addressable_id", "name", "latitude", "longitude", "created_at", "updated_at") VALUES ($1, $2, $3, $4, $5, $6, $7) RETURNING "id"[0m  [["addressable_type", "Organization"], ["addressable_id", 1], ["name", "Bandung"], ["latitude", nil], ["longitude", nil], ["created_at", "2025-06-07 17:47:46.026597"], ["updated_at", "2025-06-07 17:47:46.026597"]]
  [1m[36mTRANSACTION (4.0ms)[0m  [1m[35mCOMMIT[0m
  [1m[36mAddress Load (0.2ms)[0m  [1m[34mSELECT "addresses".* FROM "addresses" WHERE "addresses"."addressable_id" = $1 AND "addresses"."addressable_type" = $2 LIMIT $3[0m  [["addressable_id", 1], ["addressable_type", "Organization"], ["LIMIT", 1]]
  [1m[36mActiveRecord::SchemaMigration Pluck (0.3ms)[0m  [1m[34mSELECT "schema_migrations"."version" FROM "schema_migrations" ORDER BY "schema_migrations"."version" ASC[0m
  [1m[35m (2.0ms)[0m  [1m[35mTRUNCATE TABLE "organizations"[0m
  [1m[35m (1.7ms)[0m  [1m[35mTRUNCATE TABLE "addresses"[0m
  [1m[35m (1.6ms)[0m  [1m[35mTRUNCATE TABLE "assets"[0m
  [1m[35m (1.4ms)[0m  [1m[35mTRUNCATE TABLE "invoices"[0m
  [1m[35m (2.5ms)[0m  [1m[35mTRUNCATE TABLE "asset_core_records"[0m
  [1m[35m (2.3ms)[0m  [1m[35mTRUNCATE TABLE "asset_core_entries"[0m
  [1m[35m (2.1ms)[0m  [1m[35mTRUNCATE TABLE "asset_core_states"[0m
  [1m[35m (1.7ms)[0m  [1m[35mTRUNCATE TABLE "asset_core_models"[0m
  [1m[35m (1.7ms)[0m  [1m[35mTRUNCATE TABLE "asset_core_entry_items"[0m
  [1m[36mTRANSACTION (0.1ms)[0m  [1m[35mBEGIN[0m
  [1m[36mOrganization::Company Create (0.4ms)[0m  [1m[32mINSERT INTO "organizations" ("parent_id", "name", "contact_number", "type", "created_at", "updated_at") VALUES ($1, $2, $3, $4, $5, $6) RETURNING "id"[0m  [["parent_id", nil], ["name", "Company #1"], ["contact_number", nil], ["type", "Organization::Company"], ["created_at", "2025-06-07 17:48:04.669788"], ["updated_at", "2025-06-07 17:48:04.669788"]]
  [1m[36mTRANSACTION (0.9ms)[0m  [1m[35mCOMMIT[0m
  [1m[36mTRANSACTION (0.1ms)[0m  [1m[35mBEGIN[0m
  [1m[36mAddress Create (0.3ms)[0m  [1m[32mINSERT INTO "addresses" ("addressable_type", "addressable_id", "name", "latitude", "longitude", "created_at", "updated_at") VALUES ($1, $2, $3, $4, $5, $6, $7) RETURNING "id"[0m  [["addressable_type", "Organization"], ["addressable_id", 2], ["name", "Bandung"], ["latitude", nil], ["longitude", nil], ["created_at", "2025-06-07 17:48:04.685892"], ["updated_at", "2025-06-07 17:48:04.685892"]]
  [1m[36mTRANSACTION (0.8ms)[0m  [1m[35mCOMMIT[0m
  [1m[36mAddress Load (0.2ms)[0m  [1m[34mSELECT "addresses".* FROM "addresses" WHERE "addresses"."addressable_id" = $1 AND "addresses"."addressable_type" = $2 LIMIT $3[0m  [["addressable_id", 2], ["addressable_type", "Organization"], ["LIMIT", 1]]
  [1m[36mActiveRecord::SchemaMigration Pluck (0.4ms)[0m  [1m[34mSELECT "schema_migrations"."version" FROM "schema_migrations" ORDER BY "schema_migrations"."version" ASC[0m
  [1m[35m (3.1ms)[0m  [1m[35mTRUNCATE TABLE "organizations"[0m
  [1m[35m (2.6ms)[0m  [1m[35mTRUNCATE TABLE "addresses"[0m
  [1m[35m (2.3ms)[0m  [1m[35mTRUNCATE TABLE "assets"[0m
  [1m[35m (2.1ms)[0m  [1m[35mTRUNCATE TABLE "invoices"[0m
  [1m[35m (3.5ms)[0m  [1m[35mTRUNCATE TABLE "asset_core_records"[0m
  [1m[35m (3.4ms)[0m  [1m[35mTRUNCATE TABLE "asset_core_entries"[0m
  [1m[35m (3.3ms)[0m  [1m[35mTRUNCATE TABLE "asset_core_states"[0m
  [1m[35m (2.0ms)[0m  [1m[35mTRUNCATE TABLE "asset_core_models"[0m
  [1m[35m (2.4ms)[0m  [1m[35mTRUNCATE TABLE "asset_core_entry_items"[0m
  [1m[36mTRANSACTION (0.1ms)[0m  [1m[35mBEGIN[0m
  [1m[36mOrganization::Company Create (0.4ms)[0m  [1m[32mINSERT INTO "organizations" ("parent_id", "name", "contact_number", "type", "created_at", "updated_at") VALUES ($1, $2, $3, $4, $5, $6) RETURNING "id"[0m  [["parent_id", nil], ["name", "Company #1"], ["contact_number", nil], ["type", "Organization::Company"], ["created_at", "2025-06-07 18:08:27.415568"], ["updated_at", "2025-06-07 18:08:27.415568"]]
  [1m[36mTRANSACTION (0.9ms)[0m  [1m[35mCOMMIT[0m
  [1m[36mTRANSACTION (0.1ms)[0m  [1m[35mBEGIN[0m
  [1m[36mAddress Create (0.5ms)[0m  [1m[32mINSERT INTO "addresses" ("addressable_type", "addressable_id", "name", "latitude", "longitude", "created_at", "updated_at") VALUES ($1, $2, $3, $4, $5, $6, $7) RETURNING "id"[0m  [["addressable_type", "Organization"], ["addressable_id", 3], ["name", "Bandung"], ["latitude", nil], ["longitude", nil], ["created_at", "2025-06-07 18:08:27.432590"], ["updated_at", "2025-06-07 18:08:27.432590"]]
  [1m[36mTRANSACTION (0.9ms)[0m  [1m[35mCOMMIT[0m
  [1m[36mAddress Load (0.2ms)[0m  [1m[34mSELECT "addresses".* FROM "addresses" WHERE "addresses"."addressable_id" = $1 AND "addresses"."addressable_type" = $2 LIMIT $3[0m  [["addressable_id", 3], ["addressable_type", "Organization"], ["LIMIT", 1]]
  [1m[36mActiveRecord::SchemaMigration Pluck (0.4ms)[0m  [1m[34mSELECT "schema_migrations"."version" FROM "schema_migrations" ORDER BY "schema_migrations"."version" ASC[0m
  [1m[35m (9.5ms)[0m  [1m[35mTRUNCATE TABLE "organizations"[0m
  [1m[35m (2.4ms)[0m  [1m[35mTRUNCATE TABLE "addresses"[0m
  [1m[35m (2.5ms)[0m  [1m[35mTRUNCATE TABLE "assets"[0m
  [1m[35m (2.0ms)[0m  [1m[35mTRUNCATE TABLE "invoices"[0m
  [1m[35m (3.9ms)[0m  [1m[35mTRUNCATE TABLE "asset_core_records"[0m
  [1m[35m (3.5ms)[0m  [1m[35mTRUNCATE TABLE "asset_core_entries"[0m
  [1m[35m (3.3ms)[0m  [1m[35mTRUNCATE TABLE "asset_core_states"[0m
  [1m[35m (2.3ms)[0m  [1m[35mTRUNCATE TABLE "asset_core_models"[0m
  [1m[35m (2.7ms)[0m  [1m[35mTRUNCATE TABLE "asset_core_entry_items"[0m
  [1m[36mTRANSACTION (0.1ms)[0m  [1m[35mBEGIN[0m
  [1m[36mOrganization::Company Create (0.6ms)[0m  [1m[32mINSERT INTO "organizations" ("parent_id", "name", "contact_number", "type", "created_at", "updated_at") VALUES ($1, $2, $3, $4, $5, $6) RETURNING "id"[0m  [["parent_id", nil], ["name", "Company #1"], ["contact_number", nil], ["type", "Organization::Company"], ["created_at", "2025-06-07 18:12:16.224829"], ["updated_at", "2025-06-07 18:12:16.224829"]]
  [1m[36mTRANSACTION (0.9ms)[0m  [1m[35mCOMMIT[0m
  [1m[36mTRANSACTION (0.1ms)[0m  [1m[35mBEGIN[0m
  [1m[36mAddress Create (0.5ms)[0m  [1m[32mINSERT INTO "addresses" ("addressable_type", "addressable_id", "name", "latitude", "longitude", "created_at", "updated_at") VALUES ($1, $2, $3, $4, $5, $6, $7) RETURNING "id"[0m  [["addressable_type", "Organization"], ["addressable_id", 4], ["name", "Bandung"], ["latitude", nil], ["longitude", nil], ["created_at", "2025-06-07 18:12:16.242456"], ["updated_at", "2025-06-07 18:12:16.242456"]]
  [1m[36mTRANSACTION (0.9ms)[0m  [1m[35mCOMMIT[0m
  [1m[36mAddress Load (0.3ms)[0m  [1m[34mSELECT "addresses".* FROM "addresses" WHERE "addresses"."addressable_id" = $1 AND "addresses"."addressable_type" = $2 LIMIT $3[0m  [["addressable_id", 4], ["addressable_type", "Organization"], ["LIMIT", 1]]
  [1m[36mActiveRecord::SchemaMigration Pluck (0.5ms)[0m  [1m[34mSELECT "schema_migrations"."version" FROM "schema_migrations" ORDER BY "schema_migrations"."version" ASC[0m
  [1m[35m (9.7ms)[0m  [1m[35mTRUNCATE TABLE "organizations"[0m
  [1m[35m (2.5ms)[0m  [1m[35mTRUNCATE TABLE "addresses"[0m
  [1m[35m (2.3ms)[0m  [1m[35mTRUNCATE TABLE "assets"[0m
  [1m[35m (2.1ms)[0m  [1m[35mTRUNCATE TABLE "invoices"[0m
  [1m[35m (3.7ms)[0m  [1m[35mTRUNCATE TABLE "asset_core_records"[0m
  [1m[35m (3.5ms)[0m  [1m[35mTRUNCATE TABLE "asset_core_entries"[0m
  [1m[35m (3.3ms)[0m  [1m[35mTRUNCATE TABLE "asset_core_states"[0m
  [1m[35m (2.5ms)[0m  [1m[35mTRUNCATE TABLE "asset_core_models"[0m
  [1m[35m (2.6ms)[0m  [1m[35mTRUNCATE TABLE "asset_core_entry_items"[0m
  [1m[36mTRANSACTION (0.1ms)[0m  [1m[35mBEGIN[0m
  [1m[36mOrganization::Company Create (0.5ms)[0m  [1m[32mINSERT INTO "organizations" ("parent_id", "name", "contact_number", "type", "created_at", "updated_at") VALUES ($1, $2, $3, $4, $5, $6) RETURNING "id"[0m  [["parent_id", nil], ["name", "Company #1"], ["contact_number", nil], ["type", "Organization::Company"], ["created_at", "2025-06-07 18:12:38.828308"], ["updated_at", "2025-06-07 18:12:38.828308"]]
  [1m[36mTRANSACTION (0.9ms)[0m  [1m[35mCOMMIT[0m
  [1m[36mTRANSACTION (0.1ms)[0m  [1m[35mBEGIN[0m
  [1m[36mAddress Create (0.5ms)[0m  [1m[32mINSERT INTO "addresses" ("addressable_type", "addressable_id", "name", "latitude", "longitude", "created_at", "updated_at") VALUES ($1, $2, $3, $4, $5, $6, $7) RETURNING "id"[0m  [["addressable_type", "Organization"], ["addressable_id", 5], ["name", "Bandung"], ["latitude", nil], ["longitude", nil], ["created_at", "2025-06-07 18:12:38.846006"], ["updated_at", "2025-06-07 18:12:38.846006"]]
  [1m[36mTRANSACTION (0.9ms)[0m  [1m[35mCOMMIT[0m
  [1m[36mAddress Load (0.2ms)[0m  [1m[34mSELECT "addresses".* FROM "addresses" WHERE "addresses"."addressable_id" = $1 AND "addresses"."addressable_type" = $2 LIMIT $3[0m  [["addressable_id", 5], ["addressable_type", "Organization"], ["LIMIT", 1]]
  [1m[36mActiveRecord::SchemaMigration Pluck (0.4ms)[0m  [1m[34mSELECT "schema_migrations"."version" FROM "schema_migrations" ORDER BY "schema_migrations"."version" ASC[0m
  [1m[35m (3.8ms)[0m  [1m[35mTRUNCATE TABLE "organizations"[0m
  [1m[35m (2.4ms)[0m  [1m[35mTRUNCATE TABLE "addresses"[0m
  [1m[35m (2.3ms)[0m  [1m[35mTRUNCATE TABLE "assets"[0m
  [1m[35m (2.1ms)[0m  [1m[35mTRUNCATE TABLE "invoices"[0m
  [1m[35m (3.8ms)[0m  [1m[35mTRUNCATE TABLE "asset_core_records"[0m
  [1m[35m (3.5ms)[0m  [1m[35mTRUNCATE TABLE "asset_core_entries"[0m
  [1m[35m (3.5ms)[0m  [1m[35mTRUNCATE TABLE "asset_core_states"[0m
  [1m[35m (2.5ms)[0m  [1m[35mTRUNCATE TABLE "asset_core_models"[0m
  [1m[35m (2.9ms)[0m  [1m[35mTRUNCATE TABLE "asset_core_entry_items"[0m
  [1m[36mTRANSACTION (0.1ms)[0m  [1m[35mBEGIN[0m
  [1m[36mOrganization::Company Create (0.6ms)[0m  [1m[32mINSERT INTO "organizations" ("parent_id", "name", "contact_number", "type", "created_at", "updated_at") VALUES ($1, $2, $3, $4, $5, $6) RETURNING "id"[0m  [["parent_id", nil], ["name", "Company #1"], ["contact_number", nil], ["type", "Organization::Company"], ["created_at", "2025-06-07 18:13:18.824496"], ["updated_at", "2025-06-07 18:13:18.824496"]]
  [1m[36mTRANSACTION (0.9ms)[0m  [1m[35mCOMMIT[0m
  [1m[36mTRANSACTION (0.1ms)[0m  [1m[35mBEGIN[0m
  [1m[36mAddress Create (0.5ms)[0m  [1m[32mINSERT INTO "addresses" ("addressable_type", "addressable_id", "name", "latitude", "longitude", "created_at", "updated_at") VALUES ($1, $2, $3, $4, $5, $6, $7) RETURNING "id"[0m  [["addressable_type", "Organization"], ["addressable_id", 6], ["name", "Bandung"], ["latitude", nil], ["longitude", nil], ["created_at", "2025-06-07 18:13:18.841770"], ["updated_at", "2025-06-07 18:13:18.841770"]]
  [1m[36mTRANSACTION (0.9ms)[0m  [1m[35mCOMMIT[0m
  [1m[36mAddress Load (0.2ms)[0m  [1m[34mSELECT "addresses".* FROM "addresses" WHERE "addresses"."addressable_id" = $1 AND "addresses"."addressable_type" = $2 LIMIT $3[0m  [["addressable_id", 6], ["addressable_type", "Organization"], ["LIMIT", 1]]
  [1m[36mActiveRecord::SchemaMigration Pluck (0.3ms)[0m  [1m[34mSELECT "schema_migrations"."version" FROM "schema_migrations" ORDER BY "schema_migrations"."version" ASC[0m
  [1m[35m (2.2ms)[0m  [1m[35mTRUNCATE TABLE "organizations"[0m
  [1m[35m (2.0ms)[0m  [1m[35mTRUNCATE TABLE "addresses"[0m
  [1m[35m (2.4ms)[0m  [1m[35mTRUNCATE TABLE "assets"[0m
  [1m[35m (2.2ms)[0m  [1m[35mTRUNCATE TABLE "invoices"[0m
  [1m[35m (3.7ms)[0m  [1m[35mTRUNCATE TABLE "asset_core_records"[0m
  [1m[35m (3.5ms)[0m  [1m[35mTRUNCATE TABLE "asset_core_entries"[0m
  [1m[35m (3.4ms)[0m  [1m[35mTRUNCATE TABLE "asset_core_states"[0m
  [1m[35m (2.4ms)[0m  [1m[35mTRUNCATE TABLE "asset_core_models"[0m
  [1m[35m (2.7ms)[0m  [1m[35mTRUNCATE TABLE "asset_core_entry_items"[0m
  [1m[36mTRANSACTION (0.1ms)[0m  [1m[35mBEGIN[0m
  [1m[36mOrganization::Company Create (0.5ms)[0m  [1m[32mINSERT INTO "organizations" ("parent_id", "name", "contact_number", "type", "created_at", "updated_at") VALUES ($1, $2, $3, $4, $5, $6) RETURNING "id"[0m  [["parent_id", nil], ["name", "Company #1"], ["contact_number", nil], ["type", "Organization::Company"], ["created_at", "2025-06-07 18:14:15.888568"], ["updated_at", "2025-06-07 18:14:15.888568"]]
  [1m[36mTRANSACTION (1.0ms)[0m  [1m[35mCOMMIT[0m
  [1m[36mTRANSACTION (0.2ms)[0m  [1m[35mBEGIN[0m
  [1m[36mAddress Create (0.7ms)[0m  [1m[32mINSERT INTO "addresses" ("addressable_type", "addressable_id", "name", "latitude", "longitude", "created_at", "updated_at") VALUES ($1, $2, $3, $4, $5, $6, $7) RETURNING "id"[0m  [["addressable_type", "Organization"], ["addressable_id", 7], ["name", "Bandung"], ["latitude", nil], ["longitude", nil], ["created_at", "2025-06-07 18:14:15.907062"], ["updated_at", "2025-06-07 18:14:15.907062"]]
  [1m[36mTRANSACTION (1.0ms)[0m  [1m[35mCOMMIT[0m
  [1m[36mAddress Load (0.3ms)[0m  [1m[34mSELECT "addresses".* FROM "addresses" WHERE "addresses"."addressable_id" = $1 AND "addresses"."addressable_type" = $2 LIMIT $3[0m  [["addressable_id", 7], ["addressable_type", "Organization"], ["LIMIT", 1]]
  [1m[36mActiveRecord::SchemaMigration Pluck (0.4ms)[0m  [1m[34mSELECT "schema_migrations"."version" FROM "schema_migrations" ORDER BY "schema_migrations"."version" ASC[0m
  [1m[35m (3.8ms)[0m  [1m[35mTRUNCATE TABLE "organizations"[0m
  [1m[35m (2.4ms)[0m  [1m[35mTRUNCATE TABLE "addresses"[0m
  [1m[35m (2.5ms)[0m  [1m[35mTRUNCATE TABLE "assets"[0m
  [1m[35m (2.1ms)[0m  [1m[35mTRUNCATE TABLE "invoices"[0m
  [1m[35m (4.3ms)[0m  [1m[35mTRUNCATE TABLE "asset_core_records"[0m
  [1m[35m (3.4ms)[0m  [1m[35mTRUNCATE TABLE "asset_core_entries"[0m
  [1m[35m (2.5ms)[0m  [1m[35mTRUNCATE TABLE "asset_core_states"[0m
  [1m[35m (1.6ms)[0m  [1m[35mTRUNCATE TABLE "asset_core_models"[0m
  [1m[35m (2.0ms)[0m  [1m[35mTRUNCATE TABLE "asset_core_entry_items"[0m
  [1m[36mTRANSACTION (0.1ms)[0m  [1m[35mBEGIN[0m
  [1m[36mOrganization::Company Create (0.4ms)[0m  [1m[32mINSERT INTO "organizations" ("parent_id", "name", "contact_number", "type", "created_at", "updated_at") VALUES ($1, $2, $3, $4, $5, $6) RETURNING "id"[0m  [["parent_id", nil], ["name", "Company #1"], ["contact_number", nil], ["type", "Organization::Company"], ["created_at", "2025-06-07 18:15:25.446175"], ["updated_at", "2025-06-07 18:15:25.446175"]]
  [1m[36mTRANSACTION (0.9ms)[0m  [1m[35mCOMMIT[0m
  [1m[36mTRANSACTION (0.1ms)[0m  [1m[35mBEGIN[0m
  [1m[36mAddress Create (0.5ms)[0m  [1m[32mINSERT INTO "addresses" ("addressable_type", "addressable_id", "name", "latitude", "longitude", "created_at", "updated_at") VALUES ($1, $2, $3, $4, $5, $6, $7) RETURNING "id"[0m  [["addressable_type", "Organization"], ["addressable_id", 8], ["name", "Bandung"], ["latitude", nil], ["longitude", nil], ["created_at", "2025-06-07 18:15:25.463780"], ["updated_at", "2025-06-07 18:15:25.463780"]]
  [1m[36mTRANSACTION (0.9ms)[0m  [1m[35mCOMMIT[0m
  [1m[36mAddress Load (0.2ms)[0m  [1m[34mSELECT "addresses".* FROM "addresses" WHERE "addresses"."addressable_id" = $1 AND "addresses"."addressable_type" = $2 LIMIT $3[0m  [["addressable_id", 8], ["addressable_type", "Organization"], ["LIMIT", 1]]
  [1m[36mActiveRecord::SchemaMigration Pluck (0.4ms)[0m  [1m[34mSELECT "schema_migrations"."version" FROM "schema_migrations" ORDER BY "schema_migrations"."version" ASC[0m
  [1m[35m (9.6ms)[0m  [1m[35mTRUNCATE TABLE "organizations"[0m
  [1m[35m (2.5ms)[0m  [1m[35mTRUNCATE TABLE "addresses"[0m
  [1m[35m (2.3ms)[0m  [1m[35mTRUNCATE TABLE "assets"[0m
  [1m[35m (2.0ms)[0m  [1m[35mTRUNCATE TABLE "invoices"[0m
  [1m[35m (3.8ms)[0m  [1m[35mTRUNCATE TABLE "asset_core_records"[0m
  [1m[35m (4.0ms)[0m  [1m[35mTRUNCATE TABLE "asset_core_entries"[0m
  [1m[35m (3.4ms)[0m  [1m[35mTRUNCATE TABLE "asset_core_states"[0m
  [1m[35m (2.4ms)[0m  [1m[35mTRUNCATE TABLE "asset_core_models"[0m
  [1m[35m (2.6ms)[0m  [1m[35mTRUNCATE TABLE "asset_core_entry_items"[0m
  [1m[36mTRANSACTION (0.1ms)[0m  [1m[35mBEGIN[0m
  [1m[36mOrganization::Company Create (0.6ms)[0m  [1m[32mINSERT INTO "organizations" ("parent_id", "name", "contact_number", "type", "created_at", "updated_at") VALUES ($1, $2, $3, $4, $5, $6) RETURNING "id"[0m  [["parent_id", nil], ["name", "Company #1"], ["contact_number", nil], ["type", "Organization::Company"], ["created_at", "2025-06-07 18:16:09.907171"], ["updated_at", "2025-06-07 18:16:09.907171"]]
  [1m[36mTRANSACTION (0.9ms)[0m  [1m[35mCOMMIT[0m
  [1m[36mTRANSACTION (0.1ms)[0m  [1m[35mBEGIN[0m
  [1m[36mAddress Create (0.6ms)[0m  [1m[32mINSERT INTO "addresses" ("addressable_type", "addressable_id", "name", "latitude", "longitude", "created_at", "updated_at") VALUES ($1, $2, $3, $4, $5, $6, $7) RETURNING "id"[0m  [["addressable_type", "Organization"], ["addressable_id", 9], ["name", "Bandung"], ["latitude", nil], ["longitude", nil], ["created_at", "2025-06-07 18:16:09.952107"], ["updated_at", "2025-06-07 18:16:09.952107"]]
  [1m[36mTRANSACTION (1.0ms)[0m  [1m[35mCOMMIT[0m
  [1m[36mAddress Load (0.2ms)[0m  [1m[34mSELECT "addresses".* FROM "addresses" WHERE "addresses"."addressable_id" = $1 AND "addresses"."addressable_type" = $2 LIMIT $3[0m  [["addressable_id", 9], ["addressable_type", "Organization"], ["LIMIT", 1]]
  [1m[36mActiveRecord::SchemaMigration Pluck (0.4ms)[0m  [1m[34mSELECT "schema_migrations"."version" FROM "schema_migrations" ORDER BY "schema_migrations"."version" ASC[0m
  [1m[35m (3.1ms)[0m  [1m[35mTRUNCATE TABLE "organizations"[0m
  [1m[35m (2.5ms)[0m  [1m[35mTRUNCATE TABLE "addresses"[0m
  [1m[35m (2.3ms)[0m  [1m[35mTRUNCATE TABLE "assets"[0m
  [1m[35m (2.1ms)[0m  [1m[35mTRUNCATE TABLE "invoices"[0m
  [1m[35m (4.0ms)[0m  [1m[35mTRUNCATE TABLE "asset_core_records"[0m
  [1m[35m (3.6ms)[0m  [1m[35mTRUNCATE TABLE "asset_core_entries"[0m
  [1m[35m (3.3ms)[0m  [1m[35mTRUNCATE TABLE "asset_core_states"[0m
  [1m[35m (2.6ms)[0m  [1m[35mTRUNCATE TABLE "asset_core_models"[0m
  [1m[35m (2.7ms)[0m  [1m[35mTRUNCATE TABLE "asset_core_entry_items"[0m
  [1m[36mTRANSACTION (0.1ms)[0m  [1m[35mBEGIN[0m
  [1m[36mOrganization::Company Create (0.6ms)[0m  [1m[32mINSERT INTO "organizations" ("parent_id", "name", "contact_number", "type", "created_at", "updated_at") VALUES ($1, $2, $3, $4, $5, $6) RETURNING "id"[0m  [["parent_id", nil], ["name", "Company #1"], ["contact_number", nil], ["type", "Organization::Company"], ["created_at", "2025-06-07 18:17:26.250824"], ["updated_at", "2025-06-07 18:17:26.250824"]]
  [1m[36mTRANSACTION (0.9ms)[0m  [1m[35mCOMMIT[0m
  [1m[36mTRANSACTION (0.1ms)[0m  [1m[35mBEGIN[0m
  [1m[36mAddress Create (0.5ms)[0m  [1m[32mINSERT INTO "addresses" ("addressable_type", "addressable_id", "name", "latitude", "longitude", "created_at", "updated_at") VALUES ($1, $2, $3, $4, $5, $6, $7) RETURNING "id"[0m  [["addressable_type", "Organization"], ["addressable_id", 10], ["name", "Bandung"], ["latitude", nil], ["longitude", nil], ["created_at", "2025-06-07 18:17:26.268650"], ["updated_at", "2025-06-07 18:17:26.268650"]]
  [1m[36mTRANSACTION (0.9ms)[0m  [1m[35mCOMMIT[0m
  [1m[36mAddress Load (0.1ms)[0m  [1m[34mSELECT "addresses".* FROM "addresses" WHERE "addresses"."addressable_id" = $1 AND "addresses"."addressable_type" = $2 LIMIT $3[0m  [["addressable_id", 10], ["addressable_type", "Organization"], ["LIMIT", 1]]
  [1m[36mActiveRecord::SchemaMigration Pluck (0.4ms)[0m  [1m[34mSELECT "schema_migrations"."version" FROM "schema_migrations" ORDER BY "schema_migrations"."version" ASC[0m
  [1m[35m (9.2ms)[0m  [1m[35mTRUNCATE TABLE "organizations"[0m
  [1m[35m (2.0ms)[0m  [1m[35mTRUNCATE TABLE "addresses"[0m
  [1m[35m (1.6ms)[0m  [1m[35mTRUNCATE TABLE "assets"[0m
  [1m[35m (1.5ms)[0m  [1m[35mTRUNCATE TABLE "invoices"[0m
  [1m[35m (2.5ms)[0m  [1m[35mTRUNCATE TABLE "asset_core_records"[0m
  [1m[35m (2.5ms)[0m  [1m[35mTRUNCATE TABLE "asset_core_entries"[0m
  [1m[35m (2.1ms)[0m  [1m[35mTRUNCATE TABLE "asset_core_states"[0m
  [1m[35m (1.6ms)[0m  [1m[35mTRUNCATE TABLE "asset_core_models"[0m
  [1m[35m (1.6ms)[0m  [1m[35mTRUNCATE TABLE "asset_core_entry_items"[0m
  [1m[36mTRANSACTION (0.1ms)[0m  [1m[35mBEGIN[0m
  [1m[36mOrganization::Company Create (0.4ms)[0m  [1m[32mINSERT INTO "organizations" ("parent_id", "name", "contact_number", "type", "created_at", "updated_at") VALUES ($1, $2, $3, $4, $5, $6) RETURNING "id"[0m  [["parent_id", nil], ["name", "Company #1"], ["contact_number", nil], ["type", "Organization::Company"], ["created_at", "2025-06-07 18:17:59.198262"], ["updated_at", "2025-06-07 18:17:59.198262"]]
  [1m[36mTRANSACTION (0.8ms)[0m  [1m[35mCOMMIT[0m
  [1m[36mTRANSACTION (0.1ms)[0m  [1m[35mBEGIN[0m
  [1m[36mAddress Create (0.5ms)[0m  [1m[32mINSERT INTO "addresses" ("addressable_type", "addressable_id", "name", "latitude", "longitude", "created_at", "updated_at") VALUES ($1, $2, $3, $4, $5, $6, $7) RETURNING "id"[0m  [["addressable_type", "Organization"], ["addressable_id", 11], ["name", "Bandung"], ["latitude", nil], ["longitude", nil], ["created_at", "2025-06-07 18:17:59.215124"], ["updated_at", "2025-06-07 18:17:59.215124"]]
  [1m[36mTRANSACTION (0.9ms)[0m  [1m[35mCOMMIT[0m
  [1m[36mAddress Load (0.2ms)[0m  [1m[34mSELECT "addresses".* FROM "addresses" WHERE "addresses"."addressable_id" = $1 AND "addresses"."addressable_type" = $2 LIMIT $3[0m  [["addressable_id", 11], ["addressable_type", "Organization"], ["LIMIT", 1]]
  [1m[36mActiveRecord::SchemaMigration Pluck (0.4ms)[0m  [1m[34mSELECT "schema_migrations"."version" FROM "schema_migrations" ORDER BY "schema_migrations"."version" ASC[0m
  [1m[35m (3.7ms)[0m  [1m[35mTRUNCATE TABLE "organizations"[0m
  [1m[35m (2.2ms)[0m  [1m[35mTRUNCATE TABLE "addresses"[0m
  [1m[35m (2.2ms)[0m  [1m[35mTRUNCATE TABLE "assets"[0m
  [1m[35m (2.0ms)[0m  [1m[35mTRUNCATE TABLE "invoices"[0m
  [1m[35m (3.6ms)[0m  [1m[35mTRUNCATE TABLE "asset_core_records"[0m
  [1m[35m (3.5ms)[0m  [1m[35mTRUNCATE TABLE "asset_core_entries"[0m
  [1m[35m (3.4ms)[0m  [1m[35mTRUNCATE TABLE "asset_core_states"[0m
  [1m[35m (2.2ms)[0m  [1m[35mTRUNCATE TABLE "asset_core_models"[0m
  [1m[35m (2.6ms)[0m  [1m[35mTRUNCATE TABLE "asset_core_entry_items"[0m
  [1m[36mTRANSACTION (0.1ms)[0m  [1m[35mBEGIN[0m
  [1m[36mOrganization::Company Create (0.5ms)[0m  [1m[32mINSERT INTO "organizations" ("parent_id", "name", "contact_number", "type", "created_at", "updated_at") VALUES ($1, $2, $3, $4, $5, $6) RETURNING "id"[0m  [["parent_id", nil], ["name", "Company #1"], ["contact_number", nil], ["type", "Organization::Company"], ["created_at", "2025-06-07 18:18:18.935917"], ["updated_at", "2025-06-07 18:18:18.935917"]]
  [1m[36mTRANSACTION (0.9ms)[0m  [1m[35mCOMMIT[0m
  [1m[36mTRANSACTION (0.1ms)[0m  [1m[35mBEGIN[0m
  [1m[36mAddress Create (0.5ms)[0m  [1m[32mINSERT INTO "addresses" ("addressable_type", "addressable_id", "name", "latitude", "longitude", "created_at", "updated_at") VALUES ($1, $2, $3, $4, $5, $6, $7) RETURNING "id"[0m  [["addressable_type", "Organization"], ["addressable_id", 12], ["name", "Bandung"], ["latitude", nil], ["longitude", nil], ["created_at", "2025-06-07 18:18:18.953391"], ["updated_at", "2025-06-07 18:18:18.953391"]]
  [1m[36mTRANSACTION (0.9ms)[0m  [1m[35mCOMMIT[0m
  [1m[36mAddress Load (0.2ms)[0m  [1m[34mSELECT "addresses".* FROM "addresses" WHERE "addresses"."addressable_id" = $1 AND "addresses"."addressable_type" = $2 LIMIT $3[0m  [["addressable_id", 12], ["addressable_type", "Organization"], ["LIMIT", 1]]
  [1m[36mTRANSACTION (0.1ms)[0m  [1m[35mBEGIN[0m
  [1m[36mAsset Create (0.5ms)[0m  [1m[32mINSERT INTO "assets" ("owner_type", "owner_id", "name", "description", "created_at", "updated_at") VALUES ($1, $2, $3, $4, $5, $6) RETURNING "id"[0m  [["owner_type", "Organization"], ["owner_id", 12], ["name", "Asset #1"], ["description", nil], ["created_at", "2025-06-07 18:18:18.965340"], ["updated_at", "2025-06-07 18:18:18.965340"]]
  [1m[36mTRANSACTION (0.9ms)[0m  [1m[35mCOMMIT[0m
  [1m[36mActiveRecord::SchemaMigration Pluck (0.2ms)[0m  [1m[34mSELECT "schema_migrations"."version" FROM "schema_migrations" ORDER BY "schema_migrations"."version" ASC[0m
  [1m[35m (2.9ms)[0m  [1m[35mTRUNCATE TABLE "organizations"[0m
  [1m[35m (2.3ms)[0m  [1m[35mTRUNCATE TABLE "addresses"[0m
  [1m[35m (2.6ms)[0m  [1m[35mTRUNCATE TABLE "assets"[0m
  [1m[35m (2.0ms)[0m  [1m[35mTRUNCATE TABLE "invoices"[0m
  [1m[35m (3.8ms)[0m  [1m[35mTRUNCATE TABLE "asset_core_records"[0m
  [1m[35m (3.3ms)[0m  [1m[35mTRUNCATE TABLE "asset_core_entries"[0m
  [1m[35m (3.5ms)[0m  [1m[35mTRUNCATE TABLE "asset_core_states"[0m
  [1m[35m (2.3ms)[0m  [1m[35mTRUNCATE TABLE "asset_core_models"[0m
  [1m[35m (2.6ms)[0m  [1m[35mTRUNCATE TABLE "asset_core_entry_items"[0m
  [1m[36mTRANSACTION (0.1ms)[0m  [1m[35mBEGIN[0m
  [1m[36mOrganization::Company Create (0.6ms)[0m  [1m[32mINSERT INTO "organizations" ("parent_id", "name", "contact_number", "type", "created_at", "updated_at") VALUES ($1, $2, $3, $4, $5, $6) RETURNING "id"[0m  [["parent_id", nil], ["name", "Company #1"], ["contact_number", nil], ["type", "Organization::Company"], ["created_at", "2025-06-07 18:19:53.772452"], ["updated_at", "2025-06-07 18:19:53.772452"]]
  [1m[36mTRANSACTION (0.9ms)[0m  [1m[35mCOMMIT[0m
  [1m[36mTRANSACTION (0.1ms)[0m  [1m[35mBEGIN[0m
  [1m[36mAddress Create (0.6ms)[0m  [1m[32mINSERT INTO "addresses" ("addressable_type", "addressable_id", "name", "latitude", "longitude", "created_at", "updated_at") VALUES ($1, $2, $3, $4, $5, $6, $7) RETURNING "id"[0m  [["addressable_type", "Organization"], ["addressable_id", 13], ["name", "Bandung"], ["latitude", nil], ["longitude", nil], ["created_at", "2025-06-07 18:19:53.790211"], ["updated_at", "2025-06-07 18:19:53.790211"]]
  [1m[36mTRANSACTION (0.9ms)[0m  [1m[35mCOMMIT[0m
  [1m[36mAddress Load (0.2ms)[0m  [1m[34mSELECT "addresses".* FROM "addresses" WHERE "addresses"."addressable_id" = $1 AND "addresses"."addressable_type" = $2 LIMIT $3[0m  [["addressable_id", 13], ["addressable_type", "Organization"], ["LIMIT", 1]]
  [1m[36mActiveRecord::SchemaMigration Pluck (0.2ms)[0m  [1m[34mSELECT "schema_migrations"."version" FROM "schema_migrations" ORDER BY "schema_migrations"."version" ASC[0m
  [1m[35m (3.9ms)[0m  [1m[35mTRUNCATE TABLE "organizations"[0m
  [1m[35m (2.3ms)[0m  [1m[35mTRUNCATE TABLE "addresses"[0m
  [1m[35m (2.2ms)[0m  [1m[35mTRUNCATE TABLE "assets"[0m
  [1m[35m (2.1ms)[0m  [1m[35mTRUNCATE TABLE "invoices"[0m
  [1m[35m (3.5ms)[0m  [1m[35mTRUNCATE TABLE "asset_core_records"[0m
  [1m[35m (3.4ms)[0m  [1m[35mTRUNCATE TABLE "asset_core_entries"[0m
  [1m[35m (3.2ms)[0m  [1m[35mTRUNCATE TABLE "asset_core_states"[0m
  [1m[35m (2.2ms)[0m  [1m[35mTRUNCATE TABLE "asset_core_models"[0m
  [1m[35m (2.8ms)[0m  [1m[35mTRUNCATE TABLE "asset_core_entry_items"[0m
  [1m[36mTRANSACTION (0.1ms)[0m  [1m[35mBEGIN[0m
  [1m[36mOrganization::Company Create (0.5ms)[0m  [1m[32mINSERT INTO "organizations" ("parent_id", "name", "contact_number", "type", "created_at", "updated_at") VALUES ($1, $2, $3, $4, $5, $6) RETURNING "id"[0m  [["parent_id", nil], ["name", "Company #1"], ["contact_number", nil], ["type", "Organization::Company"], ["created_at", "2025-06-07 18:22:39.550055"], ["updated_at", "2025-06-07 18:22:39.550055"]]
  [1m[36mTRANSACTION (0.9ms)[0m  [1m[35mCOMMIT[0m
  [1m[36mTRANSACTION (0.1ms)[0m  [1m[35mBEGIN[0m
  [1m[36mAddress Create (0.5ms)[0m  [1m[32mINSERT INTO "addresses" ("addressable_type", "addressable_id", "name", "latitude", "longitude", "created_at", "updated_at") VALUES ($1, $2, $3, $4, $5, $6, $7) RETURNING "id"[0m  [["addressable_type", "Organization"], ["addressable_id", 14], ["name", "Bandung"], ["latitude", nil], ["longitude", nil], ["created_at", "2025-06-07 18:22:39.567565"], ["updated_at", "2025-06-07 18:22:39.567565"]]
  [1m[36mTRANSACTION (0.9ms)[0m  [1m[35mCOMMIT[0m
  [1m[36mAddress Load (0.2ms)[0m  [1m[34mSELECT "addresses".* FROM "addresses" WHERE "addresses"."addressable_id" = $1 AND "addresses"."addressable_type" = $2 LIMIT $3[0m  [["addressable_id", 14], ["addressable_type", "Organization"], ["LIMIT", 1]]
  [1m[36mActiveRecord::SchemaMigration Pluck (0.3ms)[0m  [1m[34mSELECT "schema_migrations"."version" FROM "schema_migrations" ORDER BY "schema_migrations"."version" ASC[0m
  [1m[35m (8.7ms)[0m  [1m[35mTRUNCATE TABLE "organizations"[0m
  [1m[35m (1.7ms)[0m  [1m[35mTRUNCATE TABLE "addresses"[0m
  [1m[35m (1.6ms)[0m  [1m[35mTRUNCATE TABLE "assets"[0m
  [1m[35m (1.4ms)[0m  [1m[35mTRUNCATE TABLE "invoices"[0m
  [1m[35m (2.8ms)[0m  [1m[35mTRUNCATE TABLE "asset_core_records"[0m
  [1m[35m (2.6ms)[0m  [1m[35mTRUNCATE TABLE "asset_core_entries"[0m
  [1m[35m (3.1ms)[0m  [1m[35mTRUNCATE TABLE "asset_core_states"[0m
  [1m[35m (1.9ms)[0m  [1m[35mTRUNCATE TABLE "asset_core_models"[0m
  [1m[35m (1.7ms)[0m  [1m[35mTRUNCATE TABLE "asset_core_entry_items"[0m
  [1m[36mTRANSACTION (0.1ms)[0m  [1m[35mBEGIN[0m
  [1m[36mOrganization::Company Create (0.4ms)[0m  [1m[32mINSERT INTO "organizations" ("parent_id", "name", "contact_number", "type", "created_at", "updated_at") VALUES ($1, $2, $3, $4, $5, $6) RETURNING "id"[0m  [["parent_id", nil], ["name", "Company #1"], ["contact_number", nil], ["type", "Organization::Company"], ["created_at", "2025-06-07 18:23:41.689652"], ["updated_at", "2025-06-07 18:23:41.689652"]]
  [1m[36mTRANSACTION (0.8ms)[0m  [1m[35mCOMMIT[0m
  [1m[36mTRANSACTION (0.1ms)[0m  [1m[35mBEGIN[0m
  [1m[36mAddress Create (0.5ms)[0m  [1m[32mINSERT INTO "addresses" ("addressable_type", "addressable_id", "name", "latitude", "longitude", "created_at", "updated_at") VALUES ($1, $2, $3, $4, $5, $6, $7) RETURNING "id"[0m  [["addressable_type", "Organization"], ["addressable_id", 15], ["name", "Bandung"], ["latitude", nil], ["longitude", nil], ["created_at", "2025-06-07 18:23:41.706754"], ["updated_at", "2025-06-07 18:23:41.706754"]]
  [1m[36mTRANSACTION (0.9ms)[0m  [1m[35mCOMMIT[0m
  [1m[36mAddress Load (0.2ms)[0m  [1m[34mSELECT "addresses".* FROM "addresses" WHERE "addresses"."addressable_id" = $1 AND "addresses"."addressable_type" = $2 LIMIT $3[0m  [["addressable_id", 15], ["addressable_type", "Organization"], ["LIMIT", 1]]
  [1m[36mActiveRecord::SchemaMigration Pluck (0.6ms)[0m  [1m[34mSELECT "schema_migrations"."version" FROM "schema_migrations" ORDER BY "schema_migrations"."version" ASC[0m
  [1m[35m (2.7ms)[0m  [1m[35mTRUNCATE TABLE "organizations"[0m
  [1m[35m (2.3ms)[0m  [1m[35mTRUNCATE TABLE "addresses"[0m
  [1m[35m (2.2ms)[0m  [1m[35mTRUNCATE TABLE "assets"[0m
  [1m[35m (1.7ms)[0m  [1m[35mTRUNCATE TABLE "invoices"[0m
  [1m[35m (2.8ms)[0m  [1m[35mTRUNCATE TABLE "asset_core_records"[0m
  [1m[35m (2.3ms)[0m  [1m[35mTRUNCATE TABLE "asset_core_entries"[0m
  [1m[35m (2.8ms)[0m  [1m[35mTRUNCATE TABLE "asset_core_states"[0m
  [1m[35m (1.9ms)[0m  [1m[35mTRUNCATE TABLE "asset_core_models"[0m
  [1m[35m (1.7ms)[0m  [1m[35mTRUNCATE TABLE "asset_core_entry_items"[0m
  [1m[36mTRANSACTION (0.1ms)[0m  [1m[35mBEGIN[0m
  [1m[36mOrganization::Company Create (0.4ms)[0m  [1m[32mINSERT INTO "organizations" ("parent_id", "name", "contact_number", "type", "created_at", "updated_at") VALUES ($1, $2, $3, $4, $5, $6) RETURNING "id"[0m  [["parent_id", nil], ["name", "Company #1"], ["contact_number", nil], ["type", "Organization::Company"], ["created_at", "2025-06-07 18:24:39.225126"], ["updated_at", "2025-06-07 18:24:39.225126"]]
  [1m[36mTRANSACTION (0.9ms)[0m  [1m[35mCOMMIT[0m
  [1m[36mTRANSACTION (0.1ms)[0m  [1m[35mBEGIN[0m
  [1m[36mAddress Create (0.3ms)[0m  [1m[32mINSERT INTO "addresses" ("addressable_type", "addressable_id", "name", "latitude", "longitude", "created_at", "updated_at") VALUES ($1, $2, $3, $4, $5, $6, $7) RETURNING "id"[0m  [["addressable_type", "Organization"], ["addressable_id", 16], ["name", "Bandung"], ["latitude", nil], ["longitude", nil], ["created_at", "2025-06-07 18:24:39.241752"], ["updated_at", "2025-06-07 18:24:39.241752"]]
  [1m[36mTRANSACTION (0.8ms)[0m  [1m[35mCOMMIT[0m
  [1m[36mAddress Load (0.1ms)[0m  [1m[34mSELECT "addresses".* FROM "addresses" WHERE "addresses"."addressable_id" = $1 AND "addresses"."addressable_type" = $2 LIMIT $3[0m  [["addressable_id", 16], ["addressable_type", "Organization"], ["LIMIT", 1]]
  [1m[36mActiveRecord::SchemaMigration Pluck (0.4ms)[0m  [1m[34mSELECT "schema_migrations"."version" FROM "schema_migrations" ORDER BY "schema_migrations"."version" ASC[0m
  [1m[35m (3.7ms)[0m  [1m[35mTRUNCATE TABLE "organizations"[0m
  [1m[35m (2.5ms)[0m  [1m[35mTRUNCATE TABLE "addresses"[0m
  [1m[35m (2.3ms)[0m  [1m[35mTRUNCATE TABLE "assets"[0m
  [1m[35m (2.0ms)[0m  [1m[35mTRUNCATE TABLE "invoices"[0m
  [1m[35m (3.8ms)[0m  [1m[35mTRUNCATE TABLE "asset_core_records"[0m
  [1m[35m (3.7ms)[0m  [1m[35mTRUNCATE TABLE "asset_core_entries"[0m
  [1m[35m (3.3ms)[0m  [1m[35mTRUNCATE TABLE "asset_core_states"[0m
  [1m[35m (2.5ms)[0m  [1m[35mTRUNCATE TABLE "asset_core_models"[0m
  [1m[35m (2.6ms)[0m  [1m[35mTRUNCATE TABLE "asset_core_entry_items"[0m
  [1m[36mTRANSACTION (0.1ms)[0m  [1m[35mBEGIN[0m
  [1m[36mOrganization::Company Create (0.5ms)[0m  [1m[32mINSERT INTO "organizations" ("parent_id", "name", "contact_number", "type", "created_at", "updated_at") VALUES ($1, $2, $3, $4, $5, $6) RETURNING "id"[0m  [["parent_id", nil], ["name", "Company #1"], ["contact_number", nil], ["type", "Organization::Company"], ["created_at", "2025-06-07 18:25:38.067989"], ["updated_at", "2025-06-07 18:25:38.067989"]]
  [1m[36mTRANSACTION (0.9ms)[0m  [1m[35mCOMMIT[0m
  [1m[36mTRANSACTION (0.1ms)[0m  [1m[35mBEGIN[0m
  [1m[36mAddress Create (0.6ms)[0m  [1m[32mINSERT INTO "addresses" ("addressable_type", "addressable_id", "name", "latitude", "longitude", "created_at", "updated_at") VALUES ($1, $2, $3, $4, $5, $6, $7) RETURNING "id"[0m  [["addressable_type", "Organization"], ["addressable_id", 17], ["name", "Bandung"], ["latitude", nil], ["longitude", nil], ["created_at", "2025-06-07 18:25:38.085448"], ["updated_at", "2025-06-07 18:25:38.085448"]]
  [1m[36mTRANSACTION (0.9ms)[0m  [1m[35mCOMMIT[0m
  [1m[36mAddress Load (0.2ms)[0m  [1m[34mSELECT "addresses".* FROM "addresses" WHERE "addresses"."addressable_id" = $1 AND "addresses"."addressable_type" = $2 LIMIT $3[0m  [["addressable_id", 17], ["addressable_type", "Organization"], ["LIMIT", 1]]
  [1m[36mActiveRecord::SchemaMigration Pluck (0.4ms)[0m  [1m[34mSELECT "schema_migrations"."version" FROM "schema_migrations" ORDER BY "schema_migrations"."version" ASC[0m
  [1m[35m (8.6ms)[0m  [1m[35mTRUNCATE TABLE "organizations"[0m
  [1m[35m (1.6ms)[0m  [1m[35mTRUNCATE TABLE "addresses"[0m
  [1m[35m (1.7ms)[0m  [1m[35mTRUNCATE TABLE "assets"[0m
  [1m[35m (1.4ms)[0m  [1m[35mTRUNCATE TABLE "invoices"[0m
  [1m[35m (2.6ms)[0m  [1m[35mTRUNCATE TABLE "asset_core_records"[0m
  [1m[35m (2.1ms)[0m  [1m[35mTRUNCATE TABLE "asset_core_entries"[0m
  [1m[35m (3.5ms)[0m  [1m[35mTRUNCATE TABLE "asset_core_states"[0m
  [1m[35m (2.3ms)[0m  [1m[35mTRUNCATE TABLE "asset_core_models"[0m
  [1m[35m (2.8ms)[0m  [1m[35mTRUNCATE TABLE "asset_core_entry_items"[0m
  [1m[36mTRANSACTION (0.1ms)[0m  [1m[35mBEGIN[0m
  [1m[36mOrganization::Company Create (0.8ms)[0m  [1m[32mINSERT INTO "organizations" ("parent_id", "name", "contact_number", "type", "created_at", "updated_at") VALUES ($1, $2, $3, $4, $5, $6) RETURNING "id"[0m  [["parent_id", nil], ["name", "Company #1"], ["contact_number", nil], ["type", "Organization::Company"], ["created_at", "2025-06-07 18:26:33.261422"], ["updated_at", "2025-06-07 18:26:33.261422"]]
  [1m[36mTRANSACTION (0.9ms)[0m  [1m[35mCOMMIT[0m
  [1m[36mTRANSACTION (0.1ms)[0m  [1m[35mBEGIN[0m
  [1m[36mAddress Create (0.5ms)[0m  [1m[32mINSERT INTO "addresses" ("addressable_type", "addressable_id", "name", "latitude", "longitude", "created_at", "updated_at") VALUES ($1, $2, $3, $4, $5, $6, $7) RETURNING "id"[0m  [["addressable_type", "Organization"], ["addressable_id", 18], ["name", "Bandung"], ["latitude", nil], ["longitude", nil], ["created_at", "2025-06-07 18:26:33.281528"], ["updated_at", "2025-06-07 18:26:33.281528"]]
  [1m[36mTRANSACTION (0.9ms)[0m  [1m[35mCOMMIT[0m
  [1m[36mAddress Load (0.2ms)[0m  [1m[34mSELECT "addresses".* FROM "addresses" WHERE "addresses"."addressable_id" = $1 AND "addresses"."addressable_type" = $2 LIMIT $3[0m  [["addressable_id", 18], ["addressable_type", "Organization"], ["LIMIT", 1]]
  [1m[36mActiveRecord::SchemaMigration Pluck (0.4ms)[0m  [1m[34mSELECT "schema_migrations"."version" FROM "schema_migrations" ORDER BY "schema_migrations"."version" ASC[0m
  [1m[35m (2.3ms)[0m  [1m[35mTRUNCATE TABLE "organizations"[0m
  [1m[35m (2.1ms)[0m  [1m[35mTRUNCATE TABLE "addresses"[0m
  [1m[35m (2.4ms)[0m  [1m[35mTRUNCATE TABLE "assets"[0m
  [1m[35m (2.0ms)[0m  [1m[35mTRUNCATE TABLE "invoices"[0m
  [1m[35m (4.4ms)[0m  [1m[35mTRUNCATE TABLE "asset_core_records"[0m
  [1m[35m (3.7ms)[0m  [1m[35mTRUNCATE TABLE "asset_core_entries"[0m
  [1m[35m (3.4ms)[0m  [1m[35mTRUNCATE TABLE "asset_core_states"[0m
  [1m[35m (2.7ms)[0m  [1m[35mTRUNCATE TABLE "asset_core_models"[0m
  [1m[35m (2.6ms)[0m  [1m[35mTRUNCATE TABLE "asset_core_entry_items"[0m
  [1m[36mTRANSACTION (0.1ms)[0m  [1m[35mBEGIN[0m
  [1m[36mOrganization::Company Create (0.5ms)[0m  [1m[32mINSERT INTO "organizations" ("parent_id", "name", "contact_number", "type", "created_at", "updated_at") VALUES ($1, $2, $3, $4, $5, $6) RETURNING "id"[0m  [["parent_id", nil], ["name", "Company #1"], ["contact_number", nil], ["type", "Organization::Company"], ["created_at", "2025-06-07 18:27:05.645747"], ["updated_at", "2025-06-07 18:27:05.645747"]]
  [1m[36mTRANSACTION (0.9ms)[0m  [1m[35mCOMMIT[0m
  [1m[36mTRANSACTION (0.1ms)[0m  [1m[35mBEGIN[0m
  [1m[36mAddress Create (0.5ms)[0m  [1m[32mINSERT INTO "addresses" ("addressable_type", "addressable_id", "name", "latitude", "longitude", "created_at", "updated_at") VALUES ($1, $2, $3, $4, $5, $6, $7) RETURNING "id"[0m  [["addressable_type", "Organization"], ["addressable_id", 19], ["name", "Bandung"], ["latitude", nil], ["longitude", nil], ["created_at", "2025-06-07 18:27:05.663569"], ["updated_at", "2025-06-07 18:27:05.663569"]]
  [1m[36mTRANSACTION (0.9ms)[0m  [1m[35mCOMMIT[0m
  [1m[36mAddress Load (0.2ms)[0m  [1m[34mSELECT "addresses".* FROM "addresses" WHERE "addresses"."addressable_id" = $1 AND "addresses"."addressable_type" = $2 LIMIT $3[0m  [["addressable_id", 19], ["addressable_type", "Organization"], ["LIMIT", 1]]
  [1m[36mActiveRecord::SchemaMigration Pluck (0.4ms)[0m  [1m[34mSELECT "schema_migrations"."version" FROM "schema_migrations" ORDER BY "schema_migrations"."version" ASC[0m
  [1m[35m (3.0ms)[0m  [1m[35mTRUNCATE TABLE "organizations"[0m
  [1m[35m (2.3ms)[0m  [1m[35mTRUNCATE TABLE "addresses"[0m
  [1m[35m (2.2ms)[0m  [1m[35mTRUNCATE TABLE "assets"[0m
  [1m[35m (2.0ms)[0m  [1m[35mTRUNCATE TABLE "invoices"[0m
  [1m[35m (3.5ms)[0m  [1m[35mTRUNCATE TABLE "asset_core_records"[0m
  [1m[35m (3.4ms)[0m  [1m[35mTRUNCATE TABLE "asset_core_entries"[0m
  [1m[35m (3.6ms)[0m  [1m[35mTRUNCATE TABLE "asset_core_states"[0m
  [1m[35m (2.3ms)[0m  [1m[35mTRUNCATE TABLE "asset_core_models"[0m
  [1m[35m (2.4ms)[0m  [1m[35mTRUNCATE TABLE "asset_core_entry_items"[0m
  [1m[36mTRANSACTION (0.1ms)[0m  [1m[35mBEGIN[0m
  [1m[36mOrganization::Company Create (0.5ms)[0m  [1m[32mINSERT INTO "organizations" ("parent_id", "name", "contact_number", "type", "created_at", "updated_at") VALUES ($1, $2, $3, $4, $5, $6) RETURNING "id"[0m  [["parent_id", nil], ["name", "Company #1"], ["contact_number", nil], ["type", "Organization::Company"], ["created_at", "2025-06-07 18:27:53.620104"], ["updated_at", "2025-06-07 18:27:53.620104"]]
  [1m[36mTRANSACTION (0.9ms)[0m  [1m[35mCOMMIT[0m
  [1m[36mTRANSACTION (0.1ms)[0m  [1m[35mBEGIN[0m
  [1m[36mAddress Create (0.5ms)[0m  [1m[32mINSERT INTO "addresses" ("addressable_type", "addressable_id", "name", "latitude", "longitude", "created_at", "updated_at") VALUES ($1, $2, $3, $4, $5, $6, $7) RETURNING "id"[0m  [["addressable_type", "Organization"], ["addressable_id", 20], ["name", "Bandung"], ["latitude", nil], ["longitude", nil], ["created_at", "2025-06-07 18:27:53.637359"], ["updated_at", "2025-06-07 18:27:53.637359"]]
  [1m[36mTRANSACTION (0.9ms)[0m  [1m[35mCOMMIT[0m
  [1m[36mAddress Load (0.2ms)[0m  [1m[34mSELECT "addresses".* FROM "addresses" WHERE "addresses"."addressable_id" = $1 AND "addresses"."addressable_type" = $2 LIMIT $3[0m  [["addressable_id", 20], ["addressable_type", "Organization"], ["LIMIT", 1]]
  [1m[36mActiveRecord::SchemaMigration Pluck (0.2ms)[0m  [1m[34mSELECT "schema_migrations"."version" FROM "schema_migrations" ORDER BY "schema_migrations"."version" ASC[0m
  [1m[35m (8.7ms)[0m  [1m[35mTRUNCATE TABLE "organizations"[0m
  [1m[35m (1.6ms)[0m  [1m[35mTRUNCATE TABLE "addresses"[0m
  [1m[35m (1.5ms)[0m  [1m[35mTRUNCATE TABLE "assets"[0m
  [1m[35m (1.4ms)[0m  [1m[35mTRUNCATE TABLE "invoices"[0m
  [1m[35m (2.4ms)[0m  [1m[35mTRUNCATE TABLE "asset_core_records"[0m
  [1m[35m (2.3ms)[0m  [1m[35mTRUNCATE TABLE "asset_core_entries"[0m
  [1m[35m (2.1ms)[0m  [1m[35mTRUNCATE TABLE "asset_core_states"[0m
  [1m[35m (1.7ms)[0m  [1m[35mTRUNCATE TABLE "asset_core_models"[0m
  [1m[35m (1.7ms)[0m  [1m[35mTRUNCATE TABLE "asset_core_entry_items"[0m
  [1m[36mTRANSACTION (0.1ms)[0m  [1m[35mBEGIN[0m
  [1m[36mOrganization::Company Create (0.4ms)[0m  [1m[32mINSERT INTO "organizations" ("parent_id", "name", "contact_number", "type", "created_at", "updated_at") VALUES ($1, $2, $3, $4, $5, $6) RETURNING "id"[0m  [["parent_id", nil], ["name", "Company #1"], ["contact_number", nil], ["type", "Organization::Company"], ["created_at", "2025-06-07 18:29:23.376788"], ["updated_at", "2025-06-07 18:29:23.376788"]]
  [1m[36mTRANSACTION (1.0ms)[0m  [1m[35mCOMMIT[0m
  [1m[36mTRANSACTION (0.1ms)[0m  [1m[35mBEGIN[0m
  [1m[36mAddress Create (0.5ms)[0m  [1m[32mINSERT INTO "addresses" ("addressable_type", "addressable_id", "name", "latitude", "longitude", "created_at", "updated_at") VALUES ($1, $2, $3, $4, $5, $6, $7) RETURNING "id"[0m  [["addressable_type", "Organization"], ["addressable_id", 21], ["name", "Bandung"], ["latitude", nil], ["longitude", nil], ["created_at", "2025-06-07 18:29:23.394034"], ["updated_at", "2025-06-07 18:29:23.394034"]]
  [1m[36mTRANSACTION (0.9ms)[0m  [1m[35mCOMMIT[0m
  [1m[36mAddress Load (0.2ms)[0m  [1m[34mSELECT "addresses".* FROM "addresses" WHERE "addresses"."addressable_id" = $1 AND "addresses"."addressable_type" = $2 LIMIT $3[0m  [["addressable_id", 21], ["addressable_type", "Organization"], ["LIMIT", 1]]
  [1m[36mActiveRecord::SchemaMigration Pluck (0.5ms)[0m  [1m[34mSELECT "schema_migrations"."version" FROM "schema_migrations" ORDER BY "schema_migrations"."version" ASC[0m
  [1m[35m (3.1ms)[0m  [1m[35mTRUNCATE TABLE "organizations"[0m
  [1m[35m (2.3ms)[0m  [1m[35mTRUNCATE TABLE "addresses"[0m
  [1m[35m (2.3ms)[0m  [1m[35mTRUNCATE TABLE "assets"[0m
  [1m[35m (2.0ms)[0m  [1m[35mTRUNCATE TABLE "invoices"[0m
  [1m[35m (3.7ms)[0m  [1m[35mTRUNCATE TABLE "asset_core_records"[0m
  [1m[35m (3.4ms)[0m  [1m[35mTRUNCATE TABLE "asset_core_entries"[0m
  [1m[35m (3.2ms)[0m  [1m[35mTRUNCATE TABLE "asset_core_states"[0m
  [1m[35m (5.3ms)[0m  [1m[35mTRUNCATE TABLE "asset_core_models"[0m
  [1m[35m (5.6ms)[0m  [1m[35mTRUNCATE TABLE "asset_core_entry_items"[0m
  [1m[36mTRANSACTION (0.1ms)[0m  [1m[35mBEGIN[0m
  [1m[36mOrganization::Company Create (0.4ms)[0m  [1m[32mINSERT INTO "organizations" ("parent_id", "name", "contact_number", "type", "created_at", "updated_at") VALUES ($1, $2, $3, $4, $5, $6) RETURNING "id"[0m  [["parent_id", nil], ["name", "Company #1"], ["contact_number", nil], ["type", "Organization::Company"], ["created_at", "2025-06-07 18:33:24.088749"], ["updated_at", "2025-06-07 18:33:24.088749"]]
  [1m[36mTRANSACTION (0.9ms)[0m  [1m[35mCOMMIT[0m
  [1m[36mTRANSACTION (0.1ms)[0m  [1m[35mBEGIN[0m
  [1m[36mAddress Create (0.4ms)[0m  [1m[32mINSERT INTO "addresses" ("addressable_type", "addressable_id", "name", "latitude", "longitude", "created_at", "updated_at") VALUES ($1, $2, $3, $4, $5, $6, $7) RETURNING "id"[0m  [["addressable_type", "Organization"], ["addressable_id", 22], ["name", "Bandung"], ["latitude", nil], ["longitude", nil], ["created_at", "2025-06-07 18:33:24.105755"], ["updated_at", "2025-06-07 18:33:24.105755"]]
  [1m[36mTRANSACTION (0.8ms)[0m  [1m[35mCOMMIT[0m
  [1m[36mAddress Load (0.1ms)[0m  [1m[34mSELECT "addresses".* FROM "addresses" WHERE "addresses"."addressable_id" = $1 AND "addresses"."addressable_type" = $2 LIMIT $3[0m  [["addressable_id", 22], ["addressable_type", "Organization"], ["LIMIT", 1]]
  [1m[36mTRANSACTION (0.1ms)[0m  [1m[35mBEGIN[0m
  [1m[36mAsset Create (0.5ms)[0m  [1m[32mINSERT INTO "assets" ("owner_type", "owner_id", "name", "description", "created_at", "updated_at") VALUES ($1, $2, $3, $4, $5, $6) RETURNING "id"[0m  [["owner_type", "Organization"], ["owner_id", 22], ["name", "Asset #1"], ["description", nil], ["created_at", "2025-06-07 18:33:30.005566"], ["updated_at", "2025-06-07 18:33:30.005566"]]
  [1m[36mTRANSACTION (0.9ms)[0m  [1m[35mCOMMIT[0m
  [1m[36mActiveRecord::SchemaMigration Pluck (0.4ms)[0m  [1m[34mSELECT "schema_migrations"."version" FROM "schema_migrations" ORDER BY "schema_migrations"."version" ASC[0m
  [1m[35m (3.8ms)[0m  [1m[35mTRUNCATE TABLE "organizations"[0m
  [1m[35m (2.4ms)[0m  [1m[35mTRUNCATE TABLE "addresses"[0m
  [1m[35m (2.3ms)[0m  [1m[35mTRUNCATE TABLE "assets"[0m
  [1m[35m (2.0ms)[0m  [1m[35mTRUNCATE TABLE "invoices"[0m
  [1m[35m (3.6ms)[0m  [1m[35mTRUNCATE TABLE "asset_core_records"[0m
  [1m[35m (3.1ms)[0m  [1m[35mTRUNCATE TABLE "asset_core_entries"[0m
  [1m[35m (3.1ms)[0m  [1m[35mTRUNCATE TABLE "asset_core_states"[0m
  [1m[35m (2.2ms)[0m  [1m[35mTRUNCATE TABLE "asset_core_models"[0m
  [1m[35m (2.7ms)[0m  [1m[35mTRUNCATE TABLE "asset_core_entry_items"[0m
  [1m[36mTRANSACTION (0.1ms)[0m  [1m[35mBEGIN[0m
  [1m[36mOrganization::Company Create (0.5ms)[0m  [1m[32mINSERT INTO "organizations" ("parent_id", "name", "contact_number", "type", "created_at", "updated_at") VALUES ($1, $2, $3, $4, $5, $6) RETURNING "id"[0m  [["parent_id", nil], ["name", "Company #1"], ["contact_number", nil], ["type", "Organization::Company"], ["created_at", "2025-06-07 18:35:39.180612"], ["updated_at", "2025-06-07 18:35:39.180612"]]
  [1m[36mTRANSACTION (0.9ms)[0m  [1m[35mCOMMIT[0m
  [1m[36mTRANSACTION (0.1ms)[0m  [1m[35mBEGIN[0m
  [1m[36mAddress Create (0.5ms)[0m  [1m[32mINSERT INTO "addresses" ("addressable_type", "addressable_id", "name", "latitude", "longitude", "created_at", "updated_at") VALUES ($1, $2, $3, $4, $5, $6, $7) RETURNING "id"[0m  [["addressable_type", "Organization"], ["addressable_id", 23], ["name", "Bandung"], ["latitude", nil], ["longitude", nil], ["created_at", "2025-06-07 18:35:39.199036"], ["updated_at", "2025-06-07 18:35:39.199036"]]
  [1m[36mTRANSACTION (0.9ms)[0m  [1m[35mCOMMIT[0m
  [1m[36mAddress Load (0.2ms)[0m  [1m[34mSELECT "addresses".* FROM "addresses" WHERE "addresses"."addressable_id" = $1 AND "addresses"."addressable_type" = $2 LIMIT $3[0m  [["addressable_id", 23], ["addressable_type", "Organization"], ["LIMIT", 1]]
  [1m[36mTRANSACTION (0.1ms)[0m  [1m[35mBEGIN[0m
  [1m[36mAsset Create (0.5ms)[0m  [1m[32mINSERT INTO "assets" ("owner_type", "owner_id", "name", "description", "created_at", "updated_at") VALUES ($1, $2, $3, $4, $5, $6) RETURNING "id"[0m  [["owner_type", "Organization"], ["owner_id", 23], ["name", "Asset #1"], ["description", nil], ["created_at", "2025-06-07 18:36:10.381197"], ["updated_at", "2025-06-07 18:36:10.381197"]]
  [1m[36mTRANSACTION (0.8ms)[0m  [1m[35mCOMMIT[0m
  [1m[36mActiveRecord::SchemaMigration Pluck (0.3ms)[0m  [1m[34mSELECT "schema_migrations"."version" FROM "schema_migrations" ORDER BY "schema_migrations"."version" ASC[0m
  [1m[35m (2.7ms)[0m  [1m[35mTRUNCATE TABLE "organizations"[0m
  [1m[35m (2.0ms)[0m  [1m[35mTRUNCATE TABLE "addresses"[0m
  [1m[35m (1.9ms)[0m  [1m[35mTRUNCATE TABLE "assets"[0m
  [1m[35m (1.9ms)[0m  [1m[35mTRUNCATE TABLE "invoices"[0m
  [1m[35m (3.2ms)[0m  [1m[35mTRUNCATE TABLE "asset_core_records"[0m
  [1m[35m (3.2ms)[0m  [1m[35mTRUNCATE TABLE "asset_core_entries"[0m
  [1m[35m (3.1ms)[0m  [1m[35mTRUNCATE TABLE "asset_core_states"[0m
  [1m[35m (2.4ms)[0m  [1m[35mTRUNCATE TABLE "asset_core_models"[0m
  [1m[35m (2.5ms)[0m  [1m[35mTRUNCATE TABLE "asset_core_entry_items"[0m
  [1m[36mTRANSACTION (0.1ms)[0m  [1m[35mBEGIN[0m
  [1m[36mOrganization::Company Create (0.5ms)[0m  [1m[32mINSERT INTO "organizations" ("parent_id", "name", "contact_number", "type", "created_at", "updated_at") VALUES ($1, $2, $3, $4, $5, $6) RETURNING "id"[0m  [["parent_id", nil], ["name", "Company #1"], ["contact_number", nil], ["type", "Organization::Company"], ["created_at", "2025-06-07 18:37:17.390180"], ["updated_at", "2025-06-07 18:37:17.390180"]]
  [1m[36mTRANSACTION (0.9ms)[0m  [1m[35mCOMMIT[0m
  [1m[36mTRANSACTION (0.1ms)[0m  [1m[35mBEGIN[0m
  [1m[36mAddress Create (0.5ms)[0m  [1m[32mINSERT INTO "addresses" ("addressable_type", "addressable_id", "name", "latitude", "longitude", "created_at", "updated_at") VALUES ($1, $2, $3, $4, $5, $6, $7) RETURNING "id"[0m  [["addressable_type", "Organization"], ["addressable_id", 24], ["name", "Bandung"], ["latitude", nil], ["longitude", nil], ["created_at", "2025-06-07 18:37:17.407363"], ["updated_at", "2025-06-07 18:37:17.407363"]]
  [1m[36mTRANSACTION (0.9ms)[0m  [1m[35mCOMMIT[0m
  [1m[36mAddress Load (0.2ms)[0m  [1m[34mSELECT "addresses".* FROM "addresses" WHERE "addresses"."addressable_id" = $1 AND "addresses"."addressable_type" = $2 LIMIT $3[0m  [["addressable_id", 24], ["addressable_type", "Organization"], ["LIMIT", 1]]
  [1m[36mActiveRecord::SchemaMigration Pluck (0.4ms)[0m  [1m[34mSELECT "schema_migrations"."version" FROM "schema_migrations" ORDER BY "schema_migrations"."version" ASC[0m
  [1m[35m (3.7ms)[0m  [1m[35mTRUNCATE TABLE "organizations"[0m
  [1m[35m (2.3ms)[0m  [1m[35mTRUNCATE TABLE "addresses"[0m
  [1m[35m (2.2ms)[0m  [1m[35mTRUNCATE TABLE "assets"[0m
  [1m[35m (2.0ms)[0m  [1m[35mTRUNCATE TABLE "invoices"[0m
  [1m[35m (3.5ms)[0m  [1m[35mTRUNCATE TABLE "asset_core_records"[0m
  [1m[35m (3.1ms)[0m  [1m[35mTRUNCATE TABLE "asset_core_entries"[0m
  [1m[35m (3.2ms)[0m  [1m[35mTRUNCATE TABLE "asset_core_states"[0m
  [1m[35m (2.2ms)[0m  [1m[35mTRUNCATE TABLE "asset_core_models"[0m
  [1m[35m (2.4ms)[0m  [1m[35mTRUNCATE TABLE "asset_core_entry_items"[0m
  [1m[36mTRANSACTION (0.1ms)[0m  [1m[35mBEGIN[0m
  [1m[36mOrganization::Company Create (0.5ms)[0m  [1m[32mINSERT INTO "organizations" ("parent_id", "name", "contact_number", "type", "created_at", "updated_at") VALUES ($1, $2, $3, $4, $5, $6) RETURNING "id"[0m  [["parent_id", nil], ["name", "Company #1"], ["contact_number", nil], ["type", "Organization::Company"], ["created_at", "2025-06-07 19:01:25.772328"], ["updated_at", "2025-06-07 19:01:25.772328"]]
  [1m[36mTRANSACTION (0.8ms)[0m  [1m[35mCOMMIT[0m
  [1m[36mTRANSACTION (0.1ms)[0m  [1m[35mBEGIN[0m
  [1m[36mAddress Create (0.5ms)[0m  [1m[32mINSERT INTO "addresses" ("addressable_type", "addressable_id", "name", "latitude", "longitude", "created_at", "updated_at") VALUES ($1, $2, $3, $4, $5, $6, $7) RETURNING "id"[0m  [["addressable_type", "Organization"], ["addressable_id", 25], ["name", "Bandung"], ["latitude", nil], ["longitude", nil], ["created_at", "2025-06-07 19:01:25.789301"], ["updated_at", "2025-06-07 19:01:25.789301"]]
  [1m[36mTRANSACTION (1.0ms)[0m  [1m[35mCOMMIT[0m
  [1m[36mAddress Load (0.2ms)[0m  [1m[34mSELECT "addresses".* FROM "addresses" WHERE "addresses"."addressable_id" = $1 AND "addresses"."addressable_type" = $2 LIMIT $3[0m  [["addressable_id", 25], ["addressable_type", "Organization"], ["LIMIT", 1]]
  [1m[36mActiveRecord::SchemaMigration Pluck (0.4ms)[0m  [1m[34mSELECT "schema_migrations"."version" FROM "schema_migrations" ORDER BY "schema_migrations"."version" ASC[0m
  [1m[35m (3.9ms)[0m  [1m[35mTRUNCATE TABLE "organizations"[0m
  [1m[35m (2.3ms)[0m  [1m[35mTRUNCATE TABLE "addresses"[0m
  [1m[35m (2.2ms)[0m  [1m[35mTRUNCATE TABLE "assets"[0m
  [1m[35m (2.0ms)[0m  [1m[35mTRUNCATE TABLE "invoices"[0m
  [1m[35m (3.4ms)[0m  [1m[35mTRUNCATE TABLE "asset_core_records"[0m
  [1m[35m (3.1ms)[0m  [1m[35mTRUNCATE TABLE "asset_core_entries"[0m
  [1m[35m (3.2ms)[0m  [1m[35mTRUNCATE TABLE "asset_core_states"[0m
  [1m[35m (2.2ms)[0m  [1m[35mTRUNCATE TABLE "asset_core_models"[0m
  [1m[35m (2.4ms)[0m  [1m[35mTRUNCATE TABLE "asset_core_entry_items"[0m
  [1m[36mTRANSACTION (0.1ms)[0m  [1m[35mBEGIN[0m
  [1m[36mOrganization::Company Create (0.5ms)[0m  [1m[32mINSERT INTO "organizations" ("parent_id", "name", "contact_number", "type", "created_at", "updated_at") VALUES ($1, $2, $3, $4, $5, $6) RETURNING "id"[0m  [["parent_id", nil], ["name", "Company #1"], ["contact_number", nil], ["type", "Organization::Company"], ["created_at", "2025-06-07 19:09:35.556071"], ["updated_at", "2025-06-07 19:09:35.556071"]]
  [1m[36mTRANSACTION (1.0ms)[0m  [1m[35mCOMMIT[0m
  [1m[36mTRANSACTION (0.1ms)[0m  [1m[35mBEGIN[0m
  [1m[36mAddress Create (0.4ms)[0m  [1m[32mINSERT INTO "addresses" ("addressable_type", "addressable_id", "name", "latitude", "longitude", "created_at", "updated_at") VALUES ($1, $2, $3, $4, $5, $6, $7) RETURNING "id"[0m  [["addressable_type", "Organization"], ["addressable_id", 26], ["name", "Bandung"], ["latitude", nil], ["longitude", nil], ["created_at", "2025-06-07 19:09:35.583112"], ["updated_at", "2025-06-07 19:09:35.583112"]]
  [1m[36mTRANSACTION (0.9ms)[0m  [1m[35mCOMMIT[0m
  [1m[36mAddress Load (0.2ms)[0m  [1m[34mSELECT "addresses".* FROM "addresses" WHERE "addresses"."addressable_id" = $1 AND "addresses"."addressable_type" = $2 LIMIT $3[0m  [["addressable_id", 26], ["addressable_type", "Organization"], ["LIMIT", 1]]
  [1m[36mActiveRecord::SchemaMigration Pluck (0.4ms)[0m  [1m[34mSELECT "schema_migrations"."version" FROM "schema_migrations" ORDER BY "schema_migrations"."version" ASC[0m
  [1m[35m (9.5ms)[0m  [1m[35mTRUNCATE TABLE "organizations"[0m
  [1m[35m (2.3ms)[0m  [1m[35mTRUNCATE TABLE "addresses"[0m
  [1m[35m (2.3ms)[0m  [1m[35mTRUNCATE TABLE "assets"[0m
  [1m[35m (1.9ms)[0m  [1m[35mTRUNCATE TABLE "invoices"[0m
  [1m[35m (3.4ms)[0m  [1m[35mTRUNCATE TABLE "asset_core_records"[0m
  [1m[35m (3.1ms)[0m  [1m[35mTRUNCATE TABLE "asset_core_entries"[0m
  [1m[35m (3.2ms)[0m  [1m[35mTRUNCATE TABLE "asset_core_states"[0m
  [1m[35m (2.2ms)[0m  [1m[35mTRUNCATE TABLE "asset_core_models"[0m
  [1m[35m (2.6ms)[0m  [1m[35mTRUNCATE TABLE "asset_core_entry_items"[0m
  [1m[36mTRANSACTION (0.1ms)[0m  [1m[35mBEGIN[0m
  [1m[36mOrganization::Company Create (0.5ms)[0m  [1m[32mINSERT INTO "organizations" ("parent_id", "name", "contact_number", "type", "created_at", "updated_at") VALUES ($1, $2, $3, $4, $5, $6) RETURNING "id"[0m  [["parent_id", nil], ["name", "Company #1"], ["contact_number", nil], ["type", "Organization::Company"], ["created_at", "2025-06-07 19:11:14.491597"], ["updated_at", "2025-06-07 19:11:14.491597"]]
  [1m[36mTRANSACTION (0.9ms)[0m  [1m[35mCOMMIT[0m
  [1m[36mTRANSACTION (0.1ms)[0m  [1m[35mBEGIN[0m
  [1m[36mAddress Create (0.6ms)[0m  [1m[32mINSERT INTO "addresses" ("addressable_type", "addressable_id", "name", "latitude", "longitude", "created_at", "updated_at") VALUES ($1, $2, $3, $4, $5, $6, $7) RETURNING "id"[0m  [["addressable_type", "Organization"], ["addressable_id", 27], ["name", "Bandung"], ["latitude", nil], ["longitude", nil], ["created_at", "2025-06-07 19:11:14.512582"], ["updated_at", "2025-06-07 19:11:14.512582"]]
  [1m[36mTRANSACTION (0.9ms)[0m  [1m[35mCOMMIT[0m
  [1m[36mAddress Load (0.2ms)[0m  [1m[34mSELECT "addresses".* FROM "addresses" WHERE "addresses"."addressable_id" = $1 AND "addresses"."addressable_type" = $2 LIMIT $3[0m  [["addressable_id", 27], ["addressable_type", "Organization"], ["LIMIT", 1]]
  [1m[36mActiveRecord::SchemaMigration Pluck (0.5ms)[0m  [1m[34mSELECT "schema_migrations"."version" FROM "schema_migrations" ORDER BY "schema_migrations"."version" ASC[0m
  [1m[35m (2.2ms)[0m  [1m[35mTRUNCATE TABLE "organizations"[0m
  [1m[35m (5.0ms)[0m  [1m[35mTRUNCATE TABLE "addresses"[0m
  [1m[35m (1.6ms)[0m  [1m[35mTRUNCATE TABLE "assets"[0m
  [1m[35m (1.5ms)[0m  [1m[35mTRUNCATE TABLE "invoices"[0m
  [1m[35m (2.2ms)[0m  [1m[35mTRUNCATE TABLE "asset_core_records"[0m
  [1m[35m (2.0ms)[0m  [1m[35mTRUNCATE TABLE "asset_core_entries"[0m
  [1m[35m (2.1ms)[0m  [1m[35mTRUNCATE TABLE "asset_core_states"[0m
  [1m[35m (1.5ms)[0m  [1m[35mTRUNCATE TABLE "asset_core_models"[0m
  [1m[35m (1.7ms)[0m  [1m[35mTRUNCATE TABLE "asset_core_entry_items"[0m
  [1m[36mTRANSACTION (0.1ms)[0m  [1m[35mBEGIN[0m
  [1m[36mOrganization::Company Create (0.4ms)[0m  [1m[32mINSERT INTO "organizations" ("parent_id", "name", "contact_number", "type", "created_at", "updated_at") VALUES ($1, $2, $3, $4, $5, $6) RETURNING "id"[0m  [["parent_id", nil], ["name", "Company #1"], ["contact_number", nil], ["type", "Organization::Company"], ["created_at", "2025-06-07 19:17:55.509220"], ["updated_at", "2025-06-07 19:17:55.509220"]]
  [1m[36mTRANSACTION (0.9ms)[0m  [1m[35mCOMMIT[0m
  [1m[36mTRANSACTION (0.1ms)[0m  [1m[35mBEGIN[0m
  [1m[36mAddress Create (0.3ms)[0m  [1m[32mINSERT INTO "addresses" ("addressable_type", "addressable_id", "name", "latitude", "longitude", "created_at", "updated_at") VALUES ($1, $2, $3, $4, $5, $6, $7) RETURNING "id"[0m  [["addressable_type", "Organization"], ["addressable_id", 28], ["name", "Bandung"], ["latitude", nil], ["longitude", nil], ["created_at", "2025-06-07 19:17:55.525173"], ["updated_at", "2025-06-07 19:17:55.525173"]]
  [1m[36mTRANSACTION (1.0ms)[0m  [1m[35mCOMMIT[0m
  [1m[36mAddress Load (0.1ms)[0m  [1m[34mSELECT "addresses".* FROM "addresses" WHERE "addresses"."addressable_id" = $1 AND "addresses"."addressable_type" = $2 LIMIT $3[0m  [["addressable_id", 28], ["addressable_type", "Organization"], ["LIMIT", 1]]
  [1m[36mActiveRecord::SchemaMigration Pluck (0.6ms)[0m  [1m[34mSELECT "schema_migrations"."version" FROM "schema_migrations" ORDER BY "schema_migrations"."version" ASC[0m
  [1m[35m (9.2ms)[0m  [1m[35mTRUNCATE TABLE "organizations"[0m
  [1m[35m (2.3ms)[0m  [1m[35mTRUNCATE TABLE "addresses"[0m
  [1m[35m (2.3ms)[0m  [1m[35mTRUNCATE TABLE "assets"[0m
  [1m[35m (1.4ms)[0m  [1m[35mTRUNCATE TABLE "invoices"[0m
  [1m[35m (2.3ms)[0m  [1m[35mTRUNCATE TABLE "asset_core_records"[0m
  [1m[35m (2.0ms)[0m  [1m[35mTRUNCATE TABLE "asset_core_entries"[0m
  [1m[35m (1.9ms)[0m  [1m[35mTRUNCATE TABLE "asset_core_states"[0m
  [1m[35m (1.7ms)[0m  [1m[35mTRUNCATE TABLE "asset_core_models"[0m
  [1m[35m (1.6ms)[0m  [1m[35mTRUNCATE TABLE "asset_core_entry_items"[0m
  [1m[36mTRANSACTION (0.1ms)[0m  [1m[35mBEGIN[0m
  [1m[36mOrganization::Company Create (0.6ms)[0m  [1m[32mINSERT INTO "organizations" ("parent_id", "name", "contact_number", "type", "created_at", "updated_at") VALUES ($1, $2, $3, $4, $5, $6) RETURNING "id"[0m  [["parent_id", nil], ["name", "Company #1"], ["contact_number", nil], ["type", "Organization::Company"], ["created_at", "2025-06-07 19:18:33.323151"], ["updated_at", "2025-06-07 19:18:33.323151"]]
  [1m[36mTRANSACTION (0.9ms)[0m  [1m[35mCOMMIT[0m
  [1m[36mTRANSACTION (0.1ms)[0m  [1m[35mBEGIN[0m
  [1m[36mAddress Create (0.5ms)[0m  [1m[32mINSERT INTO "addresses" ("addressable_type", "addressable_id", "name", "latitude", "longitude", "created_at", "updated_at") VALUES ($1, $2, $3, $4, $5, $6, $7) RETURNING "id"[0m  [["addressable_type", "Organization"], ["addressable_id", 29], ["name", "Bandung"], ["latitude", nil], ["longitude", nil], ["created_at", "2025-06-07 19:18:33.342817"], ["updated_at", "2025-06-07 19:18:33.342817"]]
  [1m[36mTRANSACTION (0.9ms)[0m  [1m[35mCOMMIT[0m
  [1m[36mAddress Load (0.3ms)[0m  [1m[34mSELECT "addresses".* FROM "addresses" WHERE "addresses"."addressable_id" = $1 AND "addresses"."addressable_type" = $2 LIMIT $3[0m  [["addressable_id", 29], ["addressable_type", "Organization"], ["LIMIT", 1]]
  [1m[36mActiveRecord::SchemaMigration Pluck (0.3ms)[0m  [1m[34mSELECT "schema_migrations"."version" FROM "schema_migrations" ORDER BY "schema_migrations"."version" ASC[0m
  [1m[35m (2.2ms)[0m  [1m[35mTRUNCATE TABLE "organizations"[0m
  [1m[35m (1.6ms)[0m  [1m[35mTRUNCATE TABLE "addresses"[0m
  [1m[35m (1.6ms)[0m  [1m[35mTRUNCATE TABLE "assets"[0m
  [1m[35m (1.5ms)[0m  [1m[35mTRUNCATE TABLE "invoices"[0m
  [1m[35m (2.3ms)[0m  [1m[35mTRUNCATE TABLE "asset_core_records"[0m
  [1m[35m (2.0ms)[0m  [1m[35mTRUNCATE TABLE "asset_core_entries"[0m
  [1m[35m (2.1ms)[0m  [1m[35mTRUNCATE TABLE "asset_core_states"[0m
  [1m[35m (1.7ms)[0m  [1m[35mTRUNCATE TABLE "asset_core_models"[0m
  [1m[35m (1.7ms)[0m  [1m[35mTRUNCATE TABLE "asset_core_entry_items"[0m
  [1m[36mTRANSACTION (0.1ms)[0m  [1m[35mBEGIN[0m
  [1m[36mOrganization::Company Create (0.3ms)[0m  [1m[32mINSERT INTO "organizations" ("parent_id", "name", "contact_number", "type", "created_at", "updated_at") VALUES ($1, $2, $3, $4, $5, $6) RETURNING "id"[0m  [["parent_id", nil], ["name", "Company #1"], ["contact_number", nil], ["type", "Organization::Company"], ["created_at", "2025-06-07 19:22:30.781389"], ["updated_at", "2025-06-07 19:22:30.781389"]]
  [1m[36mTRANSACTION (0.9ms)[0m  [1m[35mCOMMIT[0m
  [1m[36mTRANSACTION (0.1ms)[0m  [1m[35mBEGIN[0m
  [1m[36mAddress Create (0.4ms)[0m  [1m[32mINSERT INTO "addresses" ("addressable_type", "addressable_id", "name", "latitude", "longitude", "created_at", "updated_at") VALUES ($1, $2, $3, $4, $5, $6, $7) RETURNING "id"[0m  [["addressable_type", "Organization"], ["addressable_id", 30], ["name", "Bandung"], ["latitude", nil], ["longitude", nil], ["created_at", "2025-06-07 19:22:30.797356"], ["updated_at", "2025-06-07 19:22:30.797356"]]
  [1m[36mTRANSACTION (0.9ms)[0m  [1m[35mCOMMIT[0m
  [1m[36mAddress Load (0.2ms)[0m  [1m[34mSELECT "addresses".* FROM "addresses" WHERE "addresses"."addressable_id" = $1 AND "addresses"."addressable_type" = $2 LIMIT $3[0m  [["addressable_id", 30], ["addressable_type", "Organization"], ["LIMIT", 1]]
  [1m[36mTRANSACTION (0.1ms)[0m  [1m[35mBEGIN[0m
  [1m[36mAsset Create (0.6ms)[0m  [1m[32mINSERT INTO "assets" ("owner_type", "owner_id", "name", "description", "created_at", "updated_at") VALUES ($1, $2, $3, $4, $5, $6) RETURNING "id"[0m  [["owner_type", "Organization"], ["owner_id", 30], ["name", "Asset #1"], ["description", nil], ["created_at", "2025-06-07 19:22:33.007738"], ["updated_at", "2025-06-07 19:22:33.007738"]]
  [1m[36mTRANSACTION (1.1ms)[0m  [1m[35mCOMMIT[0m
  [1m[36mActiveRecord::SchemaMigration Pluck (0.4ms)[0m  [1m[34mSELECT "schema_migrations"."version" FROM "schema_migrations" ORDER BY "schema_migrations"."version" ASC[0m
  [1m[35m (9.4ms)[0m  [1m[35mTRUNCATE TABLE "organizations"[0m
  [1m[35m (2.2ms)[0m  [1m[35mTRUNCATE TABLE "addresses"[0m
  [1m[35m (2.2ms)[0m  [1m[35mTRUNCATE TABLE "assets"[0m
  [1m[35m (1.9ms)[0m  [1m[35mTRUNCATE TABLE "invoices"[0m
  [1m[35m (3.4ms)[0m  [1m[35mTRUNCATE TABLE "asset_core_records"[0m
  [1m[35m (3.2ms)[0m  [1m[35mTRUNCATE TABLE "asset_core_entries"[0m
  [1m[35m (3.1ms)[0m  [1m[35mTRUNCATE TABLE "asset_core_states"[0m
  [1m[35m (2.2ms)[0m  [1m[35mTRUNCATE TABLE "asset_core_models"[0m
  [1m[35m (2.6ms)[0m  [1m[35mTRUNCATE TABLE "asset_core_entry_items"[0m
  [1m[36mTRANSACTION (0.1ms)[0m  [1m[35mBEGIN[0m
  [1m[36mOrganization::Company Create (0.7ms)[0m  [1m[32mINSERT INTO "organizations" ("parent_id", "name", "contact_number", "type", "created_at", "updated_at") VALUES ($1, $2, $3, $4, $5, $6) RETURNING "id"[0m  [["parent_id", nil], ["name", "Company #1"], ["contact_number", nil], ["type", "Organization::Company"], ["created_at", "2025-06-07 19:23:23.231574"], ["updated_at", "2025-06-07 19:23:23.231574"]]
  [1m[36mTRANSACTION (1.0ms)[0m  [1m[35mCOMMIT[0m
  [1m[36mTRANSACTION (0.1ms)[0m  [1m[35mBEGIN[0m
  [1m[36mAddress Create (0.5ms)[0m  [1m[32mINSERT INTO "addresses" ("addressable_type", "addressable_id", "name", "latitude", "longitude", "created_at", "updated_at") VALUES ($1, $2, $3, $4, $5, $6, $7) RETURNING "id"[0m  [["addressable_type", "Organization"], ["addressable_id", 31], ["name", "Bandung"], ["latitude", nil], ["longitude", nil], ["created_at", "2025-06-07 19:23:23.253772"], ["updated_at", "2025-06-07 19:23:23.253772"]]
  [1m[36mTRANSACTION (0.9ms)[0m  [1m[35mCOMMIT[0m
  [1m[36mAddress Load (0.2ms)[0m  [1m[34mSELECT "addresses".* FROM "addresses" WHERE "addresses"."addressable_id" = $1 AND "addresses"."addressable_type" = $2 LIMIT $3[0m  [["addressable_id", 31], ["addressable_type", "Organization"], ["LIMIT", 1]]
  [1m[36mTRANSACTION (0.1ms)[0m  [1m[35mBEGIN[0m
  [1m[36mAsset Create (0.5ms)[0m  [1m[32mINSERT INTO "assets" ("owner_type", "owner_id", "name", "description", "created_at", "updated_at") VALUES ($1, $2, $3, $4, $5, $6) RETURNING "id"[0m  [["owner_type", "Organization"], ["owner_id", 31], ["name", "Asset #1"], ["description", nil], ["created_at", "2025-06-07 19:23:23.275222"], ["updated_at", "2025-06-07 19:23:23.275222"]]
  [1m[36mTRANSACTION (0.9ms)[0m  [1m[35mCOMMIT[0m
  [1m[36mActiveRecord::SchemaMigration Pluck (0.3ms)[0m  [1m[34mSELECT "schema_migrations"."version" FROM "schema_migrations" ORDER BY "schema_migrations"."version" ASC[0m
  [1m[35m (9.5ms)[0m  [1m[35mTRUNCATE TABLE "organizations"[0m
  [1m[35m (2.7ms)[0m  [1m[35mTRUNCATE TABLE "addresses"[0m
  [1m[35m (2.2ms)[0m  [1m[35mTRUNCATE TABLE "assets"[0m
  [1m[35m (1.9ms)[0m  [1m[35mTRUNCATE TABLE "invoices"[0m
  [1m[35m (3.6ms)[0m  [1m[35mTRUNCATE TABLE "asset_core_records"[0m
  [1m[35m (3.2ms)[0m  [1m[35mTRUNCATE TABLE "asset_core_entries"[0m
  [1m[35m (3.1ms)[0m  [1m[35mTRUNCATE TABLE "asset_core_states"[0m
  [1m[35m (2.4ms)[0m  [1m[35mTRUNCATE TABLE "asset_core_models"[0m
  [1m[35m (2.5ms)[0m  [1m[35mTRUNCATE TABLE "asset_core_entry_items"[0m
  [1m[36mTRANSACTION (0.1ms)[0m  [1m[35mBEGIN[0m
  [1m[36mOrganization::Company Create (0.8ms)[0m  [1m[32mINSERT INTO "organizations" ("parent_id", "name", "contact_number", "type", "created_at", "updated_at") VALUES ($1, $2, $3, $4, $5, $6) RETURNING "id"[0m  [["parent_id", nil], ["name", "Company #1"], ["contact_number", nil], ["type", "Organization::Company"], ["created_at", "2025-06-07 19:24:13.120646"], ["updated_at", "2025-06-07 19:24:13.120646"]]
  [1m[36mTRANSACTION (0.9ms)[0m  [1m[35mCOMMIT[0m
  [1m[36mTRANSACTION (0.1ms)[0m  [1m[35mBEGIN[0m
  [1m[36mAddress Create (0.4ms)[0m  [1m[32mINSERT INTO "addresses" ("addressable_type", "addressable_id", "name", "latitude", "longitude", "created_at", "updated_at") VALUES ($1, $2, $3, $4, $5, $6, $7) RETURNING "id"[0m  [["addressable_type", "Organization"], ["addressable_id", 32], ["name", "Bandung"], ["latitude", nil], ["longitude", nil], ["created_at", "2025-06-07 19:24:13.142957"], ["updated_at", "2025-06-07 19:24:13.142957"]]
  [1m[36mTRANSACTION (0.9ms)[0m  [1m[35mCOMMIT[0m
  [1m[36mAddress Load (0.2ms)[0m  [1m[34mSELECT "addresses".* FROM "addresses" WHERE "addresses"."addressable_id" = $1 AND "addresses"."addressable_type" = $2 LIMIT $3[0m  [["addressable_id", 32], ["addressable_type", "Organization"], ["LIMIT", 1]]
  [1m[36mTRANSACTION (0.1ms)[0m  [1m[35mBEGIN[0m
  [1m[36mAsset Create (0.4ms)[0m  [1m[32mINSERT INTO "assets" ("owner_type", "owner_id", "name", "description", "created_at", "updated_at") VALUES ($1, $2, $3, $4, $5, $6) RETURNING "id"[0m  [["owner_type", "Organization"], ["owner_id", 32], ["name", "Asset #1"], ["description", nil], ["created_at", "2025-06-07 19:24:13.164010"], ["updated_at", "2025-06-07 19:24:13.164010"]]
  [1m[36mTRANSACTION (0.9ms)[0m  [1m[35mCOMMIT[0m
  [1m[36mActiveRecord::SchemaMigration Pluck (0.4ms)[0m  [1m[34mSELECT "schema_migrations"."version" FROM "schema_migrations" ORDER BY "schema_migrations"."version" ASC[0m
  [1m[35m (9.6ms)[0m  [1m[35mTRUNCATE TABLE "organizations"[0m
  [1m[35m (2.3ms)[0m  [1m[35mTRUNCATE TABLE "addresses"[0m
  [1m[35m (5.3ms)[0m  [1m[35mTRUNCATE TABLE "assets"[0m
  [1m[35m (5.0ms)[0m  [1m[35mTRUNCATE TABLE "invoices"[0m
  [1m[35m (3.4ms)[0m  [1m[35mTRUNCATE TABLE "asset_core_records"[0m
  [1m[35m (6.2ms)[0m  [1m[35mTRUNCATE TABLE "asset_core_entries"[0m
  [1m[35m (6.4ms)[0m  [1m[35mTRUNCATE TABLE "asset_core_states"[0m
  [1m[35m (2.2ms)[0m  [1m[35mTRUNCATE TABLE "asset_core_models"[0m
  [1m[35m (2.5ms)[0m  [1m[35mTRUNCATE TABLE "asset_core_entry_items"[0m
  [1m[36mTRANSACTION (0.2ms)[0m  [1m[35mBEGIN[0m
  [1m[36mOrganization::Company Create (0.6ms)[0m  [1m[32mINSERT INTO "organizations" ("parent_id", "name", "contact_number", "type", "created_at", "updated_at") VALUES ($1, $2, $3, $4, $5, $6) RETURNING "id"[0m  [["parent_id", nil], ["name", "Company #1"], ["contact_number", nil], ["type", "Organization::Company"], ["created_at", "2025-06-07 19:24:26.837124"], ["updated_at", "2025-06-07 19:24:26.837124"]]
  [1m[36mTRANSACTION (0.9ms)[0m  [1m[35mCOMMIT[0m
  [1m[36mTRANSACTION (0.1ms)[0m  [1m[35mBEGIN[0m
  [1m[36mAddress Create (0.5ms)[0m  [1m[32mINSERT INTO "addresses" ("addressable_type", "addressable_id", "name", "latitude", "longitude", "created_at", "updated_at") VALUES ($1, $2, $3, $4, $5, $6, $7) RETURNING "id"[0m  [["addressable_type", "Organization"], ["addressable_id", 33], ["name", "Bandung"], ["latitude", nil], ["longitude", nil], ["created_at", "2025-06-07 19:24:26.863397"], ["updated_at", "2025-06-07 19:24:26.863397"]]
  [1m[36mTRANSACTION (1.0ms)[0m  [1m[35mCOMMIT[0m
  [1m[36mAddress Load (0.2ms)[0m  [1m[34mSELECT "addresses".* FROM "addresses" WHERE "addresses"."addressable_id" = $1 AND "addresses"."addressable_type" = $2 LIMIT $3[0m  [["addressable_id", 33], ["addressable_type", "Organization"], ["LIMIT", 1]]
  [1m[36mTRANSACTION (0.1ms)[0m  [1m[35mBEGIN[0m
  [1m[36mAsset Create (0.4ms)[0m  [1m[32mINSERT INTO "assets" ("owner_type", "owner_id", "name", "description", "created_at", "updated_at") VALUES ($1, $2, $3, $4, $5, $6) RETURNING "id"[0m  [["owner_type", "Organization"], ["owner_id", 33], ["name", "Asset #1"], ["description", nil], ["created_at", "2025-06-07 19:24:26.884634"], ["updated_at", "2025-06-07 19:24:26.884634"]]
  [1m[36mTRANSACTION (0.9ms)[0m  [1m[35mCOMMIT[0m
  [1m[36mAssetCore::Record::Generic Load (0.4ms)[0m  [1m[34mSELECT "asset_core_records".* FROM "asset_core_records" WHERE "asset_core_records"."type" = $1 AND "asset_core_records"."asset_id" = $2 AND "asset_core_records"."asset_type" = $3 LIMIT $4[0m  [["type", "AssetCore::Record::Generic"], ["asset_id", 7], ["asset_type", "Asset"], ["LIMIT", 1]]
  ↳ (byebug):1:in `<top (required)>'
  [1m[36mActiveRecord::SchemaMigration Pluck (0.4ms)[0m  [1m[34mSELECT "schema_migrations"."version" FROM "schema_migrations" ORDER BY "schema_migrations"."version" ASC[0m
  [1m[35m (8.8ms)[0m  [1m[35mTRUNCATE TABLE "organizations"[0m
  [1m[35m (1.6ms)[0m  [1m[35mTRUNCATE TABLE "addresses"[0m
  [1m[35m (1.6ms)[0m  [1m[35mTRUNCATE TABLE "assets"[0m
  [1m[35m (1.5ms)[0m  [1m[35mTRUNCATE TABLE "invoices"[0m
  [1m[35m (2.2ms)[0m  [1m[35mTRUNCATE TABLE "asset_core_records"[0m
  [1m[35m (2.2ms)[0m  [1m[35mTRUNCATE TABLE "asset_core_entries"[0m
  [1m[35m (2.1ms)[0m  [1m[35mTRUNCATE TABLE "asset_core_states"[0m
  [1m[35m (1.6ms)[0m  [1m[35mTRUNCATE TABLE "asset_core_models"[0m
  [1m[35m (1.9ms)[0m  [1m[35mTRUNCATE TABLE "asset_core_entry_items"[0m
  [1m[36mTRANSACTION (0.1ms)[0m  [1m[35mBEGIN[0m
  [1m[36mOrganization::Company Create (0.6ms)[0m  [1m[32mINSERT INTO "organizations" ("parent_id", "name", "contact_number", "type", "created_at", "updated_at") VALUES ($1, $2, $3, $4, $5, $6) RETURNING "id"[0m  [["parent_id", nil], ["name", "Company #1"], ["contact_number", nil], ["type", "Organization::Company"], ["created_at", "2025-06-07 19:27:04.505716"], ["updated_at", "2025-06-07 19:27:04.505716"]]
  [1m[36mTRANSACTION (1.0ms)[0m  [1m[35mCOMMIT[0m
  [1m[36mTRANSACTION (0.1ms)[0m  [1m[35mBEGIN[0m
  [1m[36mAddress Create (0.6ms)[0m  [1m[32mINSERT INTO "addresses" ("addressable_type", "addressable_id", "name", "latitude", "longitude", "created_at", "updated_at") VALUES ($1, $2, $3, $4, $5, $6, $7) RETURNING "id"[0m  [["addressable_type", "Organization"], ["addressable_id", 34], ["name", "Bandung"], ["latitude", nil], ["longitude", nil], ["created_at", "2025-06-07 19:27:04.523209"], ["updated_at", "2025-06-07 19:27:04.523209"]]
  [1m[36mTRANSACTION (0.9ms)[0m  [1m[35mCOMMIT[0m
  [1m[36mAddress Load (0.2ms)[0m  [1m[34mSELECT "addresses".* FROM "addresses" WHERE "addresses"."addressable_id" = $1 AND "addresses"."addressable_type" = $2 LIMIT $3[0m  [["addressable_id", 34], ["addressable_type", "Organization"], ["LIMIT", 1]]
  [1m[36mTRANSACTION (0.1ms)[0m  [1m[35mBEGIN[0m
  [1m[36mAsset Create (0.5ms)[0m  [1m[32mINSERT INTO "assets" ("owner_type", "owner_id", "name", "description", "created_at", "updated_at") VALUES ($1, $2, $3, $4, $5, $6) RETURNING "id"[0m  [["owner_type", "Organization"], ["owner_id", 34], ["name", "Asset #1"], ["description", nil], ["created_at", "2025-06-07 19:27:04.545332"], ["updated_at", "2025-06-07 19:27:04.545332"]]
  [1m[36mTRANSACTION (0.9ms)[0m  [1m[35mCOMMIT[0m
  [1m[36mAssetCore::Record::Generic Load (0.6ms)[0m  [1m[34mSELECT "asset_core_records".* FROM "asset_core_records" WHERE "asset_core_records"."type" = $1 AND "asset_core_records"."asset_id" = $2 AND "asset_core_records"."asset_type" = $3 LIMIT $4[0m  [["type", "AssetCore::Record::Generic"], ["asset_id", 8], ["asset_type", "Asset"], ["LIMIT", 1]]
  ↳ (byebug):1:in `<top (required)>'
  [1m[36mActiveRecord::SchemaMigration Pluck (0.4ms)[0m  [1m[34mSELECT "schema_migrations"."version" FROM "schema_migrations" ORDER BY "schema_migrations"."version" ASC[0m
  [1m[35m (8.7ms)[0m  [1m[35mTRUNCATE TABLE "organizations"[0m
  [1m[35m (1.7ms)[0m  [1m[35mTRUNCATE TABLE "addresses"[0m
  [1m[35m (1.5ms)[0m  [1m[35mTRUNCATE TABLE "assets"[0m
  [1m[35m (1.4ms)[0m  [1m[35mTRUNCATE TABLE "invoices"[0m
  [1m[35m (2.1ms)[0m  [1m[35mTRUNCATE TABLE "asset_core_records"[0m
  [1m[35m (2.0ms)[0m  [1m[35mTRUNCATE TABLE "asset_core_entries"[0m
  [1m[35m (1.9ms)[0m  [1m[35mTRUNCATE TABLE "asset_core_states"[0m
  [1m[35m (1.6ms)[0m  [1m[35mTRUNCATE TABLE "asset_core_models"[0m
  [1m[35m (2.5ms)[0m  [1m[35mTRUNCATE TABLE "asset_core_entry_items"[0m
  [1m[36mTRANSACTION (0.1ms)[0m  [1m[35mBEGIN[0m
  [1m[36mOrganization::Company Create (0.3ms)[0m  [1m[32mINSERT INTO "organizations" ("parent_id", "name", "contact_number", "type", "created_at", "updated_at") VALUES ($1, $2, $3, $4, $5, $6) RETURNING "id"[0m  [["parent_id", nil], ["name", "Company #1"], ["contact_number", nil], ["type", "Organization::Company"], ["created_at", "2025-06-07 19:32:58.065301"], ["updated_at", "2025-06-07 19:32:58.065301"]]
  [1m[36mTRANSACTION (0.9ms)[0m  [1m[35mCOMMIT[0m
  [1m[36mTRANSACTION (0.1ms)[0m  [1m[35mBEGIN[0m
  [1m[36mAddress Create (0.5ms)[0m  [1m[32mINSERT INTO "addresses" ("addressable_type", "addressable_id", "name", "latitude", "longitude", "created_at", "updated_at") VALUES ($1, $2, $3, $4, $5, $6, $7) RETURNING "id"[0m  [["addressable_type", "Organization"], ["addressable_id", 35], ["name", "Bandung"], ["latitude", nil], ["longitude", nil], ["created_at", "2025-06-07 19:32:58.082383"], ["updated_at", "2025-06-07 19:32:58.082383"]]
  [1m[36mTRANSACTION (0.9ms)[0m  [1m[35mCOMMIT[0m
  [1m[36mAddress Load (0.2ms)[0m  [1m[34mSELECT "addresses".* FROM "addresses" WHERE "addresses"."addressable_id" = $1 AND "addresses"."addressable_type" = $2 LIMIT $3[0m  [["addressable_id", 35], ["addressable_type", "Organization"], ["LIMIT", 1]]
  [1m[36mTRANSACTION (0.1ms)[0m  [1m[35mBEGIN[0m
  [1m[36mAsset Create (0.6ms)[0m  [1m[32mINSERT INTO "assets" ("owner_type", "owner_id", "name", "description", "created_at", "updated_at") VALUES ($1, $2, $3, $4, $5, $6) RETURNING "id"[0m  [["owner_type", "Organization"], ["owner_id", 35], ["name", "Asset #1"], ["description", nil], ["created_at", "2025-06-07 19:32:58.104861"], ["updated_at", "2025-06-07 19:32:58.104861"]]
  [1m[36mTRANSACTION (1.0ms)[0m  [1m[35mCOMMIT[0m
  [1m[36mActiveRecord::SchemaMigration Pluck (0.4ms)[0m  [1m[34mSELECT "schema_migrations"."version" FROM "schema_migrations" ORDER BY "schema_migrations"."version" ASC[0m
  [1m[35m (9.5ms)[0m  [1m[35mTRUNCATE TABLE "organizations"[0m
  [1m[35m (2.2ms)[0m  [1m[35mTRUNCATE TABLE "addresses"[0m
  [1m[35m (2.3ms)[0m  [1m[35mTRUNCATE TABLE "assets"[0m
  [1m[35m (5.0ms)[0m  [1m[35mTRUNCATE TABLE "invoices"[0m
  [1m[35m (6.5ms)[0m  [1m[35mTRUNCATE TABLE "asset_core_records"[0m
  [1m[35m (3.4ms)[0m  [1m[35mTRUNCATE TABLE "asset_core_entries"[0m
  [1m[35m (6.4ms)[0m  [1m[35mTRUNCATE TABLE "asset_core_states"[0m
  [1m[35m (5.7ms)[0m  [1m[35mTRUNCATE TABLE "asset_core_models"[0m
  [1m[35m (3.0ms)[0m  [1m[35mTRUNCATE TABLE "asset_core_entry_items"[0m
  [1m[36mTRANSACTION (0.1ms)[0m  [1m[35mBEGIN[0m
  [1m[36mOrganization::Company Create (0.5ms)[0m  [1m[32mINSERT INTO "organizations" ("parent_id", "name", "contact_number", "type", "created_at", "updated_at") VALUES ($1, $2, $3, $4, $5, $6) RETURNING "id"[0m  [["parent_id", nil], ["name", "Company #1"], ["contact_number", nil], ["type", "Organization::Company"], ["created_at", "2025-06-07 19:33:31.803704"], ["updated_at", "2025-06-07 19:33:31.803704"]]
  [1m[36mTRANSACTION (0.9ms)[0m  [1m[35mCOMMIT[0m
  [1m[36mTRANSACTION (0.1ms)[0m  [1m[35mBEGIN[0m
  [1m[36mAddress Create (0.5ms)[0m  [1m[32mINSERT INTO "addresses" ("addressable_type", "addressable_id", "name", "latitude", "longitude", "created_at", "updated_at") VALUES ($1, $2, $3, $4, $5, $6, $7) RETURNING "id"[0m  [["addressable_type", "Organization"], ["addressable_id", 36], ["name", "Bandung"], ["latitude", nil], ["longitude", nil], ["created_at", "2025-06-07 19:33:31.829677"], ["updated_at", "2025-06-07 19:33:31.829677"]]
  [1m[36mTRANSACTION (0.9ms)[0m  [1m[35mCOMMIT[0m
  [1m[36mAddress Load (0.2ms)[0m  [1m[34mSELECT "addresses".* FROM "addresses" WHERE "addresses"."addressable_id" = $1 AND "addresses"."addressable_type" = $2 LIMIT $3[0m  [["addressable_id", 36], ["addressable_type", "Organization"], ["LIMIT", 1]]
  [1m[36mTRANSACTION (0.1ms)[0m  [1m[35mBEGIN[0m
  [1m[36mAsset Create (0.6ms)[0m  [1m[32mINSERT INTO "assets" ("owner_type", "owner_id", "name", "description", "created_at", "updated_at") VALUES ($1, $2, $3, $4, $5, $6) RETURNING "id"[0m  [["owner_type", "Organization"], ["owner_id", 36], ["name", "Asset #1"], ["description", nil], ["created_at", "2025-06-07 19:33:31.854494"], ["updated_at", "2025-06-07 19:33:31.854494"]]
  [1m[36mTRANSACTION (1.1ms)[0m  [1m[35mCOMMIT[0m
  [1m[36mAssetCore::Record::Generic Load (0.5ms)[0m  [1m[34mSELECT "asset_core_records".* FROM "asset_core_records" WHERE "asset_core_records"."type" = $1 AND "asset_core_records"."asset_id" = $2 AND "asset_core_records"."asset_type" = $3 LIMIT $4[0m  [["type", "AssetCore::Record::Generic"], ["asset_id", 10], ["asset_type", "Asset"], ["LIMIT", 1]]
  ↳ (byebug):1:in `<top (required)>'
  [1m[36mActiveRecord::SchemaMigration Pluck (0.4ms)[0m  [1m[34mSELECT "schema_migrations"."version" FROM "schema_migrations" ORDER BY "schema_migrations"."version" ASC[0m
  [1m[35m (3.6ms)[0m  [1m[35mTRUNCATE TABLE "organizations"[0m
  [1m[35m (2.4ms)[0m  [1m[35mTRUNCATE TABLE "addresses"[0m
  [1m[35m (2.2ms)[0m  [1m[35mTRUNCATE TABLE "assets"[0m
  [1m[35m (1.9ms)[0m  [1m[35mTRUNCATE TABLE "invoices"[0m
  [1m[35m (3.6ms)[0m  [1m[35mTRUNCATE TABLE "asset_core_records"[0m
  [1m[35m (3.2ms)[0m  [1m[35mTRUNCATE TABLE "asset_core_entries"[0m
  [1m[35m (3.1ms)[0m  [1m[35mTRUNCATE TABLE "asset_core_states"[0m
  [1m[35m (2.4ms)[0m  [1m[35mTRUNCATE TABLE "asset_core_models"[0m
  [1m[35m (2.5ms)[0m  [1m[35mTRUNCATE TABLE "asset_core_entry_items"[0m
  [1m[36mTRANSACTION (0.1ms)[0m  [1m[35mBEGIN[0m
  [1m[36mOrganization::Company Create (0.6ms)[0m  [1m[32mINSERT INTO "organizations" ("parent_id", "name", "contact_number", "type", "created_at", "updated_at") VALUES ($1, $2, $3, $4, $5, $6) RETURNING "id"[0m  [["parent_id", nil], ["name", "Company #1"], ["contact_number", nil], ["type", "Organization::Company"], ["created_at", "2025-06-07 19:34:26.266566"], ["updated_at", "2025-06-07 19:34:26.266566"]]
  [1m[36mTRANSACTION (0.9ms)[0m  [1m[35mCOMMIT[0m
  [1m[36mTRANSACTION (0.1ms)[0m  [1m[35mBEGIN[0m
  [1m[36mAddress Create (0.5ms)[0m  [1m[32mINSERT INTO "addresses" ("addressable_type", "addressable_id", "name", "latitude", "longitude", "created_at", "updated_at") VALUES ($1, $2, $3, $4, $5, $6, $7) RETURNING "id"[0m  [["addressable_type", "Organization"], ["addressable_id", 37], ["name", "Bandung"], ["latitude", nil], ["longitude", nil], ["created_at", "2025-06-07 19:34:26.286873"], ["updated_at", "2025-06-07 19:34:26.286873"]]
  [1m[36mTRANSACTION (0.9ms)[0m  [1m[35mCOMMIT[0m
  [1m[36mAddress Load (0.2ms)[0m  [1m[34mSELECT "addresses".* FROM "addresses" WHERE "addresses"."addressable_id" = $1 AND "addresses"."addressable_type" = $2 LIMIT $3[0m  [["addressable_id", 37], ["addressable_type", "Organization"], ["LIMIT", 1]]
  [1m[36mTRANSACTION (0.1ms)[0m  [1m[35mBEGIN[0m
  [1m[36mAsset Create (0.4ms)[0m  [1m[32mINSERT INTO "assets" ("owner_type", "owner_id", "name", "description", "created_at", "updated_at") VALUES ($1, $2, $3, $4, $5, $6) RETURNING "id"[0m  [["owner_type", "Organization"], ["owner_id", 37], ["name", "Asset #1"], ["description", nil], ["created_at", "2025-06-07 19:34:26.308842"], ["updated_at", "2025-06-07 19:34:26.308842"]]
  [1m[36mTRANSACTION (0.9ms)[0m  [1m[35mCOMMIT[0m
  [1m[36mAssetCore::Record::Generic Load (0.6ms)[0m  [1m[34mSELECT "asset_core_records".* FROM "asset_core_records" WHERE "asset_core_records"."type" = $1 AND "asset_core_records"."asset_id" = $2 AND "asset_core_records"."asset_type" = $3 LIMIT $4[0m  [["type", "AssetCore::Record::Generic"], ["asset_id", 11], ["asset_type", "Asset"], ["LIMIT", 1]]
  ↳ (byebug):1:in `<top (required)>'
  [1m[36mActiveRecord::SchemaMigration Pluck (0.4ms)[0m  [1m[34mSELECT "schema_migrations"."version" FROM "schema_migrations" ORDER BY "schema_migrations"."version" ASC[0m
  [1m[35m (3.7ms)[0m  [1m[35mTRUNCATE TABLE "organizations"[0m
  [1m[35m (2.4ms)[0m  [1m[35mTRUNCATE TABLE "addresses"[0m
  [1m[35m (2.2ms)[0m  [1m[35mTRUNCATE TABLE "assets"[0m
  [1m[35m (1.9ms)[0m  [1m[35mTRUNCATE TABLE "invoices"[0m
  [1m[35m (3.6ms)[0m  [1m[35mTRUNCATE TABLE "asset_core_records"[0m
  [1m[35m (3.2ms)[0m  [1m[35mTRUNCATE TABLE "asset_core_entries"[0m
  [1m[35m (3.1ms)[0m  [1m[35mTRUNCATE TABLE "asset_core_states"[0m
  [1m[35m (2.3ms)[0m  [1m[35mTRUNCATE TABLE "asset_core_models"[0m
  [1m[35m (2.5ms)[0m  [1m[35mTRUNCATE TABLE "asset_core_entry_items"[0m
  [1m[36mTRANSACTION (0.1ms)[0m  [1m[35mBEGIN[0m
  [1m[36mOrganization::Company Create (0.6ms)[0m  [1m[32mINSERT INTO "organizations" ("parent_id", "name", "contact_number", "type", "created_at", "updated_at") VALUES ($1, $2, $3, $4, $5, $6) RETURNING "id"[0m  [["parent_id", nil], ["name", "Company #1"], ["contact_number", nil], ["type", "Organization::Company"], ["created_at", "2025-06-07 19:35:00.275388"], ["updated_at", "2025-06-07 19:35:00.275388"]]
  [1m[36mTRANSACTION (0.9ms)[0m  [1m[35mCOMMIT[0m
  [1m[36mTRANSACTION (0.1ms)[0m  [1m[35mBEGIN[0m
  [1m[36mAddress Create (0.5ms)[0m  [1m[32mINSERT INTO "addresses" ("addressable_type", "addressable_id", "name", "latitude", "longitude", "created_at", "updated_at") VALUES ($1, $2, $3, $4, $5, $6, $7) RETURNING "id"[0m  [["addressable_type", "Organization"], ["addressable_id", 38], ["name", "Bandung"], ["latitude", nil], ["longitude", nil], ["created_at", "2025-06-07 19:35:00.297100"], ["updated_at", "2025-06-07 19:35:00.297100"]]
  [1m[36mTRANSACTION (0.9ms)[0m  [1m[35mCOMMIT[0m
  [1m[36mAddress Load (0.2ms)[0m  [1m[34mSELECT "addresses".* FROM "addresses" WHERE "addresses"."addressable_id" = $1 AND "addresses"."addressable_type" = $2 LIMIT $3[0m  [["addressable_id", 38], ["addressable_type", "Organization"], ["LIMIT", 1]]
  [1m[36mTRANSACTION (0.1ms)[0m  [1m[35mBEGIN[0m
  [1m[36mAsset Create (0.4ms)[0m  [1m[32mINSERT INTO "assets" ("owner_type", "owner_id", "name", "description", "created_at", "updated_at") VALUES ($1, $2, $3, $4, $5, $6) RETURNING "id"[0m  [["owner_type", "Organization"], ["owner_id", 38], ["name", "Asset #1"], ["description", nil], ["created_at", "2025-06-07 19:35:00.318410"], ["updated_at", "2025-06-07 19:35:00.318410"]]
  [1m[36mTRANSACTION (0.9ms)[0m  [1m[35mCOMMIT[0m
  [1m[36mAssetCore::Record::Generic Load (0.5ms)[0m  [1m[34mSELECT "asset_core_records".* FROM "asset_core_records" WHERE "asset_core_records"."type" = $1 AND "asset_core_records"."asset_id" = $2 AND "asset_core_records"."asset_type" = $3 LIMIT $4[0m  [["type", "AssetCore::Record::Generic"], ["asset_id", 12], ["asset_type", "Asset"], ["LIMIT", 1]]
  ↳ (byebug):1:in `<top (required)>'
  [1m[36mActiveRecord::SchemaMigration Pluck (0.4ms)[0m  [1m[34mSELECT "schema_migrations"."version" FROM "schema_migrations" ORDER BY "schema_migrations"."version" ASC[0m
  [1m[35m (3.7ms)[0m  [1m[35mTRUNCATE TABLE "organizations"[0m
  [1m[35m (2.5ms)[0m  [1m[35mTRUNCATE TABLE "addresses"[0m
  [1m[35m (2.3ms)[0m  [1m[35mTRUNCATE TABLE "assets"[0m
  [1m[35m (2.0ms)[0m  [1m[35mTRUNCATE TABLE "invoices"[0m
  [1m[35m (3.6ms)[0m  [1m[35mTRUNCATE TABLE "asset_core_records"[0m
  [1m[35m (3.3ms)[0m  [1m[35mTRUNCATE TABLE "asset_core_entries"[0m
  [1m[35m (3.2ms)[0m  [1m[35mTRUNCATE TABLE "asset_core_states"[0m
  [1m[35m (2.4ms)[0m  [1m[35mTRUNCATE TABLE "asset_core_models"[0m
  [1m[35m (2.6ms)[0m  [1m[35mTRUNCATE TABLE "asset_core_entry_items"[0m
  [1m[36mTRANSACTION (0.1ms)[0m  [1m[35mBEGIN[0m
  [1m[36mOrganization::Company Create (0.5ms)[0m  [1m[32mINSERT INTO "organizations" ("parent_id", "name", "contact_number", "type", "created_at", "updated_at") VALUES ($1, $2, $3, $4, $5, $6) RETURNING "id"[0m  [["parent_id", nil], ["name", "Company #1"], ["contact_number", nil], ["type", "Organization::Company"], ["created_at", "2025-06-07 19:35:48.156462"], ["updated_at", "2025-06-07 19:35:48.156462"]]
  [1m[36mTRANSACTION (0.9ms)[0m  [1m[35mCOMMIT[0m
  [1m[36mTRANSACTION (0.1ms)[0m  [1m[35mBEGIN[0m
  [1m[36mAddress Create (0.6ms)[0m  [1m[32mINSERT INTO "addresses" ("addressable_type", "addressable_id", "name", "latitude", "longitude", "created_at", "updated_at") VALUES ($1, $2, $3, $4, $5, $6, $7) RETURNING "id"[0m  [["addressable_type", "Organization"], ["addressable_id", 39], ["name", "Bandung"], ["latitude", nil], ["longitude", nil], ["created_at", "2025-06-07 19:35:48.173214"], ["updated_at", "2025-06-07 19:35:48.173214"]]
  [1m[36mTRANSACTION (0.9ms)[0m  [1m[35mCOMMIT[0m
  [1m[36mAddress Load (0.2ms)[0m  [1m[34mSELECT "addresses".* FROM "addresses" WHERE "addresses"."addressable_id" = $1 AND "addresses"."addressable_type" = $2 LIMIT $3[0m  [["addressable_id", 39], ["addressable_type", "Organization"], ["LIMIT", 1]]
  [1m[36mTRANSACTION (0.1ms)[0m  [1m[35mBEGIN[0m
  [1m[36mAsset Create (0.4ms)[0m  [1m[32mINSERT INTO "assets" ("owner_type", "owner_id", "name", "description", "created_at", "updated_at") VALUES ($1, $2, $3, $4, $5, $6) RETURNING "id"[0m  [["owner_type", "Organization"], ["owner_id", 39], ["name", "Asset #1"], ["description", nil], ["created_at", "2025-06-07 19:35:48.200073"], ["updated_at", "2025-06-07 19:35:48.200073"]]
  [1m[36mTRANSACTION (0.8ms)[0m  [1m[35mCOMMIT[0m
  [1m[36mActiveRecord::SchemaMigration Pluck (0.5ms)[0m  [1m[34mSELECT "schema_migrations"."version" FROM "schema_migrations" ORDER BY "schema_migrations"."version" ASC[0m
  [1m[35m (2.9ms)[0m  [1m[35mTRUNCATE TABLE "organizations"[0m
  [1m[35m (1.6ms)[0m  [1m[35mTRUNCATE TABLE "addresses"[0m
  [1m[35m (1.6ms)[0m  [1m[35mTRUNCATE TABLE "assets"[0m
  [1m[35m (1.6ms)[0m  [1m[35mTRUNCATE TABLE "invoices"[0m
  [1m[35m (2.3ms)[0m  [1m[35mTRUNCATE TABLE "asset_core_records"[0m
  [1m[35m (2.2ms)[0m  [1m[35mTRUNCATE TABLE "asset_core_entries"[0m
  [1m[35m (2.1ms)[0m  [1m[35mTRUNCATE TABLE "asset_core_states"[0m
  [1m[35m (1.6ms)[0m  [1m[35mTRUNCATE TABLE "asset_core_models"[0m
  [1m[35m (1.7ms)[0m  [1m[35mTRUNCATE TABLE "asset_core_entry_items"[0m
  [1m[36mTRANSACTION (0.1ms)[0m  [1m[35mBEGIN[0m
  [1m[36mOrganization::Company Create (0.5ms)[0m  [1m[32mINSERT INTO "organizations" ("parent_id", "name", "contact_number", "type", "created_at", "updated_at") VALUES ($1, $2, $3, $4, $5, $6) RETURNING "id"[0m  [["parent_id", nil], ["name", "Company #1"], ["contact_number", nil], ["type", "Organization::Company"], ["created_at", "2025-06-07 19:36:12.749776"], ["updated_at", "2025-06-07 19:36:12.749776"]]
  [1m[36mTRANSACTION (0.9ms)[0m  [1m[35mCOMMIT[0m
  [1m[36mTRANSACTION (0.1ms)[0m  [1m[35mBEGIN[0m
  [1m[36mAddress Create (0.4ms)[0m  [1m[32mINSERT INTO "addresses" ("addressable_type", "addressable_id", "name", "latitude", "longitude", "created_at", "updated_at") VALUES ($1, $2, $3, $4, $5, $6, $7) RETURNING "id"[0m  [["addressable_type", "Organization"], ["addressable_id", 40], ["name", "Bandung"], ["latitude", nil], ["longitude", nil], ["created_at", "2025-06-07 19:36:12.766818"], ["updated_at", "2025-06-07 19:36:12.766818"]]
  [1m[36mTRANSACTION (0.9ms)[0m  [1m[35mCOMMIT[0m
  [1m[36mAddress Load (0.2ms)[0m  [1m[34mSELECT "addresses".* FROM "addresses" WHERE "addresses"."addressable_id" = $1 AND "addresses"."addressable_type" = $2 LIMIT $3[0m  [["addressable_id", 40], ["addressable_type", "Organization"], ["LIMIT", 1]]
  [1m[36mTRANSACTION (0.1ms)[0m  [1m[35mBEGIN[0m
  [1m[36mAsset Create (0.5ms)[0m  [1m[32mINSERT INTO "assets" ("owner_type", "owner_id", "name", "description", "created_at", "updated_at") VALUES ($1, $2, $3, $4, $5, $6) RETURNING "id"[0m  [["owner_type", "Organization"], ["owner_id", 40], ["name", "Asset #1"], ["description", nil], ["created_at", "2025-06-07 19:36:12.788293"], ["updated_at", "2025-06-07 19:36:12.788293"]]
  [1m[36mTRANSACTION (1.0ms)[0m  [1m[35mCOMMIT[0m
  [1m[36mAssetCore::Record::Generic Load (0.4ms)[0m  [1m[34mSELECT "asset_core_records".* FROM "asset_core_records" WHERE "asset_core_records"."type" = $1 AND "asset_core_records"."asset_id" = $2 AND "asset_core_records"."asset_type" = $3 LIMIT $4[0m  [["type", "AssetCore::Record::Generic"], ["asset_id", 14], ["asset_type", "Asset"], ["LIMIT", 1]]
  ↳ (byebug):1:in `<top (required)>'
  [1m[36mActiveRecord::SchemaMigration Pluck (0.2ms)[0m  [1m[34mSELECT "schema_migrations"."version" FROM "schema_migrations" ORDER BY "schema_migrations"."version" ASC[0m
  [1m[35m (9.5ms)[0m  [1m[35mTRUNCATE TABLE "organizations"[0m
  [1m[35m (2.1ms)[0m  [1m[35mTRUNCATE TABLE "addresses"[0m
  [1m[35m (1.8ms)[0m  [1m[35mTRUNCATE TABLE "assets"[0m
  [1m[35m (1.8ms)[0m  [1m[35mTRUNCATE TABLE "invoices"[0m
  [1m[35m (2.9ms)[0m  [1m[35mTRUNCATE TABLE "asset_core_records"[0m
  [1m[35m (3.2ms)[0m  [1m[35mTRUNCATE TABLE "asset_core_entries"[0m
  [1m[35m (3.1ms)[0m  [1m[35mTRUNCATE TABLE "asset_core_states"[0m
  [1m[35m (2.2ms)[0m  [1m[35mTRUNCATE TABLE "asset_core_models"[0m
  [1m[35m (2.6ms)[0m  [1m[35mTRUNCATE TABLE "asset_core_entry_items"[0m
  [1m[36mTRANSACTION (0.1ms)[0m  [1m[35mBEGIN[0m
  [1m[36mOrganization::Company Create (0.6ms)[0m  [1m[32mINSERT INTO "organizations" ("parent_id", "name", "contact_number", "type", "created_at", "updated_at") VALUES ($1, $2, $3, $4, $5, $6) RETURNING "id"[0m  [["parent_id", nil], ["name", "Company #1"], ["contact_number", nil], ["type", "Organization::Company"], ["created_at", "2025-06-07 19:43:59.698301"], ["updated_at", "2025-06-07 19:43:59.698301"]]
  [1m[36mTRANSACTION (1.0ms)[0m  [1m[35mCOMMIT[0m
  [1m[36mTRANSACTION (0.1ms)[0m  [1m[35mBEGIN[0m
  [1m[36mAddress Create (0.5ms)[0m  [1m[32mINSERT INTO "addresses" ("addressable_type", "addressable_id", "name", "latitude", "longitude", "created_at", "updated_at") VALUES ($1, $2, $3, $4, $5, $6, $7) RETURNING "id"[0m  [["addressable_type", "Organization"], ["addressable_id", 41], ["name", "Bandung"], ["latitude", nil], ["longitude", nil], ["created_at", "2025-06-07 19:43:59.720086"], ["updated_at", "2025-06-07 19:43:59.720086"]]
  [1m[36mTRANSACTION (0.9ms)[0m  [1m[35mCOMMIT[0m
  [1m[36mAddress Load (0.2ms)[0m  [1m[34mSELECT "addresses".* FROM "addresses" WHERE "addresses"."addressable_id" = $1 AND "addresses"."addressable_type" = $2 LIMIT $3[0m  [["addressable_id", 41], ["addressable_type", "Organization"], ["LIMIT", 1]]
  [1m[36mTRANSACTION (0.1ms)[0m  [1m[35mBEGIN[0m
  [1m[36mAsset Create (0.4ms)[0m  [1m[32mINSERT INTO "assets" ("owner_type", "owner_id", "name", "description", "created_at", "updated_at") VALUES ($1, $2, $3, $4, $5, $6) RETURNING "id"[0m  [["owner_type", "Organization"], ["owner_id", 41], ["name", "Asset #1"], ["description", nil], ["created_at", "2025-06-07 19:43:59.742044"], ["updated_at", "2025-06-07 19:43:59.742044"]]
  [1m[36mTRANSACTION (0.9ms)[0m  [1m[35mCOMMIT[0m
  [1m[36mAssetCore::Record::Generic Load (0.5ms)[0m  [1m[34mSELECT "asset_core_records".* FROM "asset_core_records" WHERE "asset_core_records"."type" = $1 AND "asset_core_records"."asset_id" = $2 AND "asset_core_records"."asset_type" = $3 LIMIT $4[0m  [["type", "AssetCore::Record::Generic"], ["asset_id", 15], ["asset_type", "Asset"], ["LIMIT", 1]]
  ↳ (byebug):1:in `<top (required)>'
  [1m[36mActiveRecord::SchemaMigration Pluck (0.4ms)[0m  [1m[34mSELECT "schema_migrations"."version" FROM "schema_migrations" ORDER BY "schema_migrations"."version" ASC[0m
  [1m[35m (9.4ms)[0m  [1m[35mTRUNCATE TABLE "organizations"[0m
  [1m[35m (2.3ms)[0m  [1m[35mTRUNCATE TABLE "addresses"[0m
  [1m[35m (2.2ms)[0m  [1m[35mTRUNCATE TABLE "assets"[0m
  [1m[35m (1.9ms)[0m  [1m[35mTRUNCATE TABLE "invoices"[0m
  [1m[35m (3.5ms)[0m  [1m[35mTRUNCATE TABLE "asset_core_records"[0m
  [1m[35m (3.0ms)[0m  [1m[35mTRUNCATE TABLE "asset_core_entries"[0m
  [1m[35m (3.2ms)[0m  [1m[35mTRUNCATE TABLE "asset_core_states"[0m
  [1m[35m (2.2ms)[0m  [1m[35mTRUNCATE TABLE "asset_core_models"[0m
  [1m[35m (2.6ms)[0m  [1m[35mTRUNCATE TABLE "asset_core_entry_items"[0m
  [1m[36mTRANSACTION (0.1ms)[0m  [1m[35mBEGIN[0m
  [1m[36mOrganization::Company Create (0.7ms)[0m  [1m[32mINSERT INTO "organizations" ("parent_id", "name", "contact_number", "type", "created_at", "updated_at") VALUES ($1, $2, $3, $4, $5, $6) RETURNING "id"[0m  [["parent_id", nil], ["name", "Company #1"], ["contact_number", nil], ["type", "Organization::Company"], ["created_at", "2025-06-07 19:44:43.799892"], ["updated_at", "2025-06-07 19:44:43.799892"]]
  [1m[36mTRANSACTION (0.9ms)[0m  [1m[35mCOMMIT[0m
  [1m[36mTRANSACTION (0.1ms)[0m  [1m[35mBEGIN[0m
  [1m[36mAddress Create (0.4ms)[0m  [1m[32mINSERT INTO "addresses" ("addressable_type", "addressable_id", "name", "latitude", "longitude", "created_at", "updated_at") VALUES ($1, $2, $3, $4, $5, $6, $7) RETURNING "id"[0m  [["addressable_type", "Organization"], ["addressable_id", 42], ["name", "Bandung"], ["latitude", nil], ["longitude", nil], ["created_at", "2025-06-07 19:44:43.821808"], ["updated_at", "2025-06-07 19:44:43.821808"]]
  [1m[36mTRANSACTION (0.9ms)[0m  [1m[35mCOMMIT[0m
  [1m[36mAddress Load (0.2ms)[0m  [1m[34mSELECT "addresses".* FROM "addresses" WHERE "addresses"."addressable_id" = $1 AND "addresses"."addressable_type" = $2 LIMIT $3[0m  [["addressable_id", 42], ["addressable_type", "Organization"], ["LIMIT", 1]]
  [1m[36mTRANSACTION (0.2ms)[0m  [1m[35mBEGIN[0m
  [1m[36mAsset Create (0.4ms)[0m  [1m[32mINSERT INTO "assets" ("owner_type", "owner_id", "name", "description", "created_at", "updated_at") VALUES ($1, $2, $3, $4, $5, $6) RETURNING "id"[0m  [["owner_type", "Organization"], ["owner_id", 42], ["name", "Asset #1"], ["description", nil], ["created_at", "2025-06-07 19:44:43.843014"], ["updated_at", "2025-06-07 19:44:43.843014"]]
  [1m[36mTRANSACTION (0.9ms)[0m  [1m[35mCOMMIT[0m
  [1m[36mActiveRecord::SchemaMigration Pluck (0.5ms)[0m  [1m[34mSELECT "schema_migrations"."version" FROM "schema_migrations" ORDER BY "schema_migrations"."version" ASC[0m
  [1m[35m (2.8ms)[0m  [1m[35mTRUNCATE TABLE "organizations"[0m
  [1m[35m (1.6ms)[0m  [1m[35mTRUNCATE TABLE "addresses"[0m
  [1m[35m (1.5ms)[0m  [1m[35mTRUNCATE TABLE "assets"[0m
  [1m[35m (1.4ms)[0m  [1m[35mTRUNCATE TABLE "invoices"[0m
  [1m[35m (2.2ms)[0m  [1m[35mTRUNCATE TABLE "asset_core_records"[0m
  [1m[35m (2.0ms)[0m  [1m[35mTRUNCATE TABLE "asset_core_entries"[0m
  [1m[35m (2.0ms)[0m  [1m[35mTRUNCATE TABLE "asset_core_states"[0m
  [1m[35m (1.5ms)[0m  [1m[35mTRUNCATE TABLE "asset_core_models"[0m
  [1m[35m (1.8ms)[0m  [1m[35mTRUNCATE TABLE "asset_core_entry_items"[0m
  [1m[36mTRANSACTION (0.1ms)[0m  [1m[35mBEGIN[0m
  [1m[36mOrganization::Company Create (0.3ms)[0m  [1m[32mINSERT INTO "organizations" ("parent_id", "name", "contact_number", "type", "created_at", "updated_at") VALUES ($1, $2, $3, $4, $5, $6) RETURNING "id"[0m  [["parent_id", nil], ["name", "Company #1"], ["contact_number", nil], ["type", "Organization::Company"], ["created_at", "2025-06-07 20:12:12.045199"], ["updated_at", "2025-06-07 20:12:12.045199"]]
  [1m[36mTRANSACTION (0.8ms)[0m  [1m[35mCOMMIT[0m
  [1m[36mTRANSACTION (0.1ms)[0m  [1m[35mBEGIN[0m
  [1m[36mAddress Create (0.3ms)[0m  [1m[32mINSERT INTO "addresses" ("addressable_type", "addressable_id", "name", "latitude", "longitude", "created_at", "updated_at") VALUES ($1, $2, $3, $4, $5, $6, $7) RETURNING "id"[0m  [["addressable_type", "Organization"], ["addressable_id", 43], ["name", "Bandung"], ["latitude", nil], ["longitude", nil], ["created_at", "2025-06-07 20:12:12.060168"], ["updated_at", "2025-06-07 20:12:12.060168"]]
  [1m[36mTRANSACTION (0.9ms)[0m  [1m[35mCOMMIT[0m
  [1m[36mAddress Load (0.1ms)[0m  [1m[34mSELECT "addresses".* FROM "addresses" WHERE "addresses"."addressable_id" = $1 AND "addresses"."addressable_type" = $2 LIMIT $3[0m  [["addressable_id", 43], ["addressable_type", "Organization"], ["LIMIT", 1]]
  [1m[36mTRANSACTION (0.1ms)[0m  [1m[35mBEGIN[0m
  [1m[36mAsset Create (0.3ms)[0m  [1m[32mINSERT INTO "assets" ("owner_type", "owner_id", "name", "description", "created_at", "updated_at") VALUES ($1, $2, $3, $4, $5, $6) RETURNING "id"[0m  [["owner_type", "Organization"], ["owner_id", 43], ["name", "Asset #1"], ["description", nil], ["created_at", "2025-06-07 20:12:12.078882"], ["updated_at", "2025-06-07 20:12:12.078882"]]
  [1m[36mTRANSACTION (0.9ms)[0m  [1m[35mCOMMIT[0m
  [1m[36mAssetCore::Record::Generic Load (0.6ms)[0m  [1m[34mSELECT "asset_core_records".* FROM "asset_core_records" WHERE "asset_core_records"."type" = $1 AND "asset_core_records"."asset_id" = $2 AND "asset_core_records"."asset_type" = $3 LIMIT $4[0m  [["type", "AssetCore::Record::Generic"], ["asset_id", 17], ["asset_type", "Asset"], ["LIMIT", 1]]
  ↳ (byebug):1:in `<top (required)>'
  [1m[36mActiveRecord::SchemaMigration Pluck (0.4ms)[0m  [1m[34mSELECT "schema_migrations"."version" FROM "schema_migrations" ORDER BY "schema_migrations"."version" ASC[0m
  [1m[35m (3.6ms)[0m  [1m[35mTRUNCATE TABLE "organizations"[0m
  [1m[35m (2.4ms)[0m  [1m[35mTRUNCATE TABLE "addresses"[0m
  [1m[35m (2.3ms)[0m  [1m[35mTRUNCATE TABLE "assets"[0m
  [1m[35m (1.9ms)[0m  [1m[35mTRUNCATE TABLE "invoices"[0m
  [1m[35m (3.4ms)[0m  [1m[35mTRUNCATE TABLE "asset_core_records"[0m
  [1m[35m (3.2ms)[0m  [1m[35mTRUNCATE TABLE "asset_core_entries"[0m
  [1m[35m (2.9ms)[0m  [1m[35mTRUNCATE TABLE "asset_core_states"[0m
  [1m[35m (2.3ms)[0m  [1m[35mTRUNCATE TABLE "asset_core_models"[0m
  [1m[35m (2.4ms)[0m  [1m[35mTRUNCATE TABLE "asset_core_entry_items"[0m
  [1m[36mTRANSACTION (0.1ms)[0m  [1m[35mBEGIN[0m
  [1m[36mOrganization::Company Create (0.6ms)[0m  [1m[32mINSERT INTO "organizations" ("parent_id", "name", "contact_number", "type", "created_at", "updated_at") VALUES ($1, $2, $3, $4, $5, $6) RETURNING "id"[0m  [["parent_id", nil], ["name", "Company #1"], ["contact_number", nil], ["type", "Organization::Company"], ["created_at", "2025-06-07 20:12:56.526063"], ["updated_at", "2025-06-07 20:12:56.526063"]]
  [1m[36mTRANSACTION (0.9ms)[0m  [1m[35mCOMMIT[0m
  [1m[36mTRANSACTION (0.1ms)[0m  [1m[35mBEGIN[0m
  [1m[36mAddress Create (0.5ms)[0m  [1m[32mINSERT INTO "addresses" ("addressable_type", "addressable_id", "name", "latitude", "longitude", "created_at", "updated_at") VALUES ($1, $2, $3, $4, $5, $6, $7) RETURNING "id"[0m  [["addressable_type", "Organization"], ["addressable_id", 44], ["name", "Bandung"], ["latitude", nil], ["longitude", nil], ["created_at", "2025-06-07 20:12:56.547958"], ["updated_at", "2025-06-07 20:12:56.547958"]]
  [1m[36mTRANSACTION (0.9ms)[0m  [1m[35mCOMMIT[0m
  [1m[36mAddress Load (0.2ms)[0m  [1m[34mSELECT "addresses".* FROM "addresses" WHERE "addresses"."addressable_id" = $1 AND "addresses"."addressable_type" = $2 LIMIT $3[0m  [["addressable_id", 44], ["addressable_type", "Organization"], ["LIMIT", 1]]
  [1m[36mTRANSACTION (0.1ms)[0m  [1m[35mBEGIN[0m
  [1m[36mAsset Create (0.4ms)[0m  [1m[32mINSERT INTO "assets" ("owner_type", "owner_id", "name", "description", "created_at", "updated_at") VALUES ($1, $2, $3, $4, $5, $6) RETURNING "id"[0m  [["owner_type", "Organization"], ["owner_id", 44], ["name", "Asset #1"], ["description", nil], ["created_at", "2025-06-07 20:12:56.570578"], ["updated_at", "2025-06-07 20:12:56.570578"]]
  [1m[36mTRANSACTION (0.9ms)[0m  [1m[35mCOMMIT[0m
  [1m[36mAssetCore::Record::Generic Load (0.5ms)[0m  [1m[34mSELECT "asset_core_records".* FROM "asset_core_records" WHERE "asset_core_records"."type" = $1 AND "asset_core_records"."asset_id" = $2 AND "asset_core_records"."asset_type" = $3 LIMIT $4[0m  [["type", "AssetCore::Record::Generic"], ["asset_id", 18], ["asset_type", "Asset"], ["LIMIT", 1]]
  ↳ (byebug):1:in `<top (required)>'
  [1m[36mActiveRecord::SchemaMigration Pluck (0.3ms)[0m  [1m[34mSELECT "schema_migrations"."version" FROM "schema_migrations" ORDER BY "schema_migrations"."version" ASC[0m
  [1m[35m (2.9ms)[0m  [1m[35mTRUNCATE TABLE "organizations"[0m
  [1m[35m (2.3ms)[0m  [1m[35mTRUNCATE TABLE "addresses"[0m
  [1m[35m (2.2ms)[0m  [1m[35mTRUNCATE TABLE "assets"[0m
  [1m[35m (1.9ms)[0m  [1m[35mTRUNCATE TABLE "invoices"[0m
  [1m[35m (3.6ms)[0m  [1m[35mTRUNCATE TABLE "asset_core_records"[0m
  [1m[35m (3.3ms)[0m  [1m[35mTRUNCATE TABLE "asset_core_entries"[0m
  [1m[35m (3.1ms)[0m  [1m[35mTRUNCATE TABLE "asset_core_states"[0m
  [1m[35m (2.3ms)[0m  [1m[35mTRUNCATE TABLE "asset_core_models"[0m
  [1m[35m (2.5ms)[0m  [1m[35mTRUNCATE TABLE "asset_core_entry_items"[0m
  [1m[36mTRANSACTION (0.1ms)[0m  [1m[35mBEGIN[0m
  [1m[36mOrganization::Company Create (0.6ms)[0m  [1m[32mINSERT INTO "organizations" ("parent_id", "name", "contact_number", "type", "created_at", "updated_at") VALUES ($1, $2, $3, $4, $5, $6) RETURNING "id"[0m  [["parent_id", nil], ["name", "Company #1"], ["contact_number", nil], ["type", "Organization::Company"], ["created_at", "2025-06-07 20:15:12.332027"], ["updated_at", "2025-06-07 20:15:12.332027"]]
  [1m[36mTRANSACTION (0.9ms)[0m  [1m[35mCOMMIT[0m
  [1m[36mTRANSACTION (0.1ms)[0m  [1m[35mBEGIN[0m
  [1m[36mAddress Create (0.5ms)[0m  [1m[32mINSERT INTO "addresses" ("addressable_type", "addressable_id", "name", "latitude", "longitude", "created_at", "updated_at") VALUES ($1, $2, $3, $4, $5, $6, $7) RETURNING "id"[0m  [["addressable_type", "Organization"], ["addressable_id", 45], ["name", "Bandung"], ["latitude", nil], ["longitude", nil], ["created_at", "2025-06-07 20:15:12.349484"], ["updated_at", "2025-06-07 20:15:12.349484"]]
  [1m[36mTRANSACTION (0.9ms)[0m  [1m[35mCOMMIT[0m
  [1m[36mAddress Load (0.2ms)[0m  [1m[34mSELECT "addresses".* FROM "addresses" WHERE "addresses"."addressable_id" = $1 AND "addresses"."addressable_type" = $2 LIMIT $3[0m  [["addressable_id", 45], ["addressable_type", "Organization"], ["LIMIT", 1]]
  [1m[36mTRANSACTION (0.1ms)[0m  [1m[35mBEGIN[0m
  [1m[36mAsset Create (0.4ms)[0m  [1m[32mINSERT INTO "assets" ("owner_type", "owner_id", "name", "description", "created_at", "updated_at") VALUES ($1, $2, $3, $4, $5, $6) RETURNING "id"[0m  [["owner_type", "Organization"], ["owner_id", 45], ["name", "Asset #1"], ["description", nil], ["created_at", "2025-06-07 20:15:12.371010"], ["updated_at", "2025-06-07 20:15:12.371010"]]
  [1m[36mTRANSACTION (0.9ms)[0m  [1m[35mCOMMIT[0m
  [1m[36mAssetCore::Record::Generic Load (0.6ms)[0m  [1m[34mSELECT "asset_core_records".* FROM "asset_core_records" WHERE "asset_core_records"."type" = $1 AND "asset_core_records"."asset_id" = $2 AND "asset_core_records"."asset_type" = $3 LIMIT $4[0m  [["type", "AssetCore::Record::Generic"], ["asset_id", 19], ["asset_type", "Asset"], ["LIMIT", 1]]
  ↳ (byebug):1:in `<top (required)>'
  [1m[36mActiveRecord::SchemaMigration Pluck (0.4ms)[0m  [1m[34mSELECT "schema_migrations"."version" FROM "schema_migrations" ORDER BY "schema_migrations"."version" ASC[0m
  [1m[35m (9.6ms)[0m  [1m[35mTRUNCATE TABLE "organizations"[0m
  [1m[35m (2.3ms)[0m  [1m[35mTRUNCATE TABLE "addresses"[0m
  [1m[35m (2.2ms)[0m  [1m[35mTRUNCATE TABLE "assets"[0m
  [1m[35m (2.0ms)[0m  [1m[35mTRUNCATE TABLE "invoices"[0m
  [1m[35m (3.4ms)[0m  [1m[35mTRUNCATE TABLE "asset_core_records"[0m
  [1m[35m (3.3ms)[0m  [1m[35mTRUNCATE TABLE "asset_core_entries"[0m
  [1m[35m (3.3ms)[0m  [1m[35mTRUNCATE TABLE "asset_core_states"[0m
  [1m[35m (2.4ms)[0m  [1m[35mTRUNCATE TABLE "asset_core_models"[0m
  [1m[35m (2.5ms)[0m  [1m[35mTRUNCATE TABLE "asset_core_entry_items"[0m
  [1m[36mTRANSACTION (0.1ms)[0m  [1m[35mBEGIN[0m
  [1m[36mOrganization::Company Create (0.4ms)[0m  [1m[32mINSERT INTO "organizations" ("parent_id", "name", "contact_number", "type", "created_at", "updated_at") VALUES ($1, $2, $3, $4, $5, $6) RETURNING "id"[0m  [["parent_id", nil], ["name", "Company #1"], ["contact_number", nil], ["type", "Organization::Company"], ["created_at", "2025-06-07 20:15:40.780833"], ["updated_at", "2025-06-07 20:15:40.780833"]]
  [1m[36mTRANSACTION (0.9ms)[0m  [1m[35mCOMMIT[0m
  [1m[36mTRANSACTION (0.1ms)[0m  [1m[35mBEGIN[0m
  [1m[36mAddress Create (0.5ms)[0m  [1m[32mINSERT INTO "addresses" ("addressable_type", "addressable_id", "name", "latitude", "longitude", "created_at", "updated_at") VALUES ($1, $2, $3, $4, $5, $6, $7) RETURNING "id"[0m  [["addressable_type", "Organization"], ["addressable_id", 46], ["name", "Bandung"], ["latitude", nil], ["longitude", nil], ["created_at", "2025-06-07 20:15:40.802626"], ["updated_at", "2025-06-07 20:15:40.802626"]]
  [1m[36mTRANSACTION (0.9ms)[0m  [1m[35mCOMMIT[0m
  [1m[36mAddress Load (0.2ms)[0m  [1m[34mSELECT "addresses".* FROM "addresses" WHERE "addresses"."addressable_id" = $1 AND "addresses"."addressable_type" = $2 LIMIT $3[0m  [["addressable_id", 46], ["addressable_type", "Organization"], ["LIMIT", 1]]
  [1m[36mTRANSACTION (0.1ms)[0m  [1m[35mBEGIN[0m
  [1m[36mAsset Create (0.4ms)[0m  [1m[32mINSERT INTO "assets" ("owner_type", "owner_id", "name", "description", "created_at", "updated_at") VALUES ($1, $2, $3, $4, $5, $6) RETURNING "id"[0m  [["owner_type", "Organization"], ["owner_id", 46], ["name", "Asset #1"], ["description", nil], ["created_at", "2025-06-07 20:15:40.823845"], ["updated_at", "2025-06-07 20:15:40.823845"]]
  [1m[36mTRANSACTION (1.0ms)[0m  [1m[35mCOMMIT[0m
  [1m[36mActiveRecord::SchemaMigration Pluck (0.3ms)[0m  [1m[34mSELECT "schema_migrations"."version" FROM "schema_migrations" ORDER BY "schema_migrations"."version" ASC[0m
  [1m[35m (3.8ms)[0m  [1m[35mTRUNCATE TABLE "organizations"[0m
  [1m[35m (2.4ms)[0m  [1m[35mTRUNCATE TABLE "addresses"[0m
  [1m[35m (2.1ms)[0m  [1m[35mTRUNCATE TABLE "assets"[0m
  [1m[35m (1.9ms)[0m  [1m[35mTRUNCATE TABLE "invoices"[0m
  [1m[35m (3.3ms)[0m  [1m[35mTRUNCATE TABLE "asset_core_records"[0m
  [1m[35m (3.1ms)[0m  [1m[35mTRUNCATE TABLE "asset_core_entries"[0m
  [1m[35m (3.1ms)[0m  [1m[35mTRUNCATE TABLE "asset_core_states"[0m
  [1m[35m (2.2ms)[0m  [1m[35mTRUNCATE TABLE "asset_core_models"[0m
  [1m[35m (2.5ms)[0m  [1m[35mTRUNCATE TABLE "asset_core_entry_items"[0m
  [1m[36mTRANSACTION (0.1ms)[0m  [1m[35mBEGIN[0m
  [1m[36mOrganization::Company Create (0.5ms)[0m  [1m[32mINSERT INTO "organizations" ("parent_id", "name", "contact_number", "type", "created_at", "updated_at") VALUES ($1, $2, $3, $4, $5, $6) RETURNING "id"[0m  [["parent_id", nil], ["name", "Company #1"], ["contact_number", nil], ["type", "Organization::Company"], ["created_at", "2025-06-07 20:18:57.235541"], ["updated_at", "2025-06-07 20:18:57.235541"]]
  [1m[36mTRANSACTION (1.0ms)[0m  [1m[35mCOMMIT[0m
  [1m[36mTRANSACTION (0.1ms)[0m  [1m[35mBEGIN[0m
  [1m[36mAddress Create (0.5ms)[0m  [1m[32mINSERT INTO "addresses" ("addressable_type", "addressable_id", "name", "latitude", "longitude", "created_at", "updated_at") VALUES ($1, $2, $3, $4, $5, $6, $7) RETURNING "id"[0m  [["addressable_type", "Organization"], ["addressable_id", 47], ["name", "Bandung"], ["latitude", nil], ["longitude", nil], ["created_at", "2025-06-07 20:18:57.252875"], ["updated_at", "2025-06-07 20:18:57.252875"]]
  [1m[36mTRANSACTION (0.9ms)[0m  [1m[35mCOMMIT[0m
  [1m[36mAddress Load (0.2ms)[0m  [1m[34mSELECT "addresses".* FROM "addresses" WHERE "addresses"."addressable_id" = $1 AND "addresses"."addressable_type" = $2 LIMIT $3[0m  [["addressable_id", 47], ["addressable_type", "Organization"], ["LIMIT", 1]]
  [1m[36mTRANSACTION (0.1ms)[0m  [1m[35mBEGIN[0m
  [1m[36mAsset Create (0.4ms)[0m  [1m[32mINSERT INTO "assets" ("owner_type", "owner_id", "name", "description", "created_at", "updated_at") VALUES ($1, $2, $3, $4, $5, $6) RETURNING "id"[0m  [["owner_type", "Organization"], ["owner_id", 47], ["name", "Asset #1"], ["description", nil], ["created_at", "2025-06-07 20:18:57.275222"], ["updated_at", "2025-06-07 20:18:57.275222"]]
  [1m[36mTRANSACTION (0.9ms)[0m  [1m[35mCOMMIT[0m
  [1m[36mActiveRecord::SchemaMigration Pluck (0.4ms)[0m  [1m[34mSELECT "schema_migrations"."version" FROM "schema_migrations" ORDER BY "schema_migrations"."version" ASC[0m
  [1m[35m (3.0ms)[0m  [1m[35mTRUNCATE TABLE "organizations"[0m
  [1m[35m (2.0ms)[0m  [1m[35mTRUNCATE TABLE "addresses"[0m
  [1m[35m (2.0ms)[0m  [1m[35mTRUNCATE TABLE "assets"[0m
  [1m[35m (1.8ms)[0m  [1m[35mTRUNCATE TABLE "invoices"[0m
  [1m[35m (2.9ms)[0m  [1m[35mTRUNCATE TABLE "asset_core_records"[0m
  [1m[35m (2.9ms)[0m  [1m[35mTRUNCATE TABLE "asset_core_entries"[0m
  [1m[35m (2.8ms)[0m  [1m[35mTRUNCATE TABLE "asset_core_states"[0m
  [1m[35m (2.0ms)[0m  [1m[35mTRUNCATE TABLE "asset_core_models"[0m
  [1m[35m (2.3ms)[0m  [1m[35mTRUNCATE TABLE "asset_core_entry_items"[0m
  [1m[36mTRANSACTION (0.1ms)[0m  [1m[35mBEGIN[0m
  [1m[36mOrganization::Company Create (0.4ms)[0m  [1m[32mINSERT INTO "organizations" ("parent_id", "name", "contact_number", "type", "created_at", "updated_at") VALUES ($1, $2, $3, $4, $5, $6) RETURNING "id"[0m  [["parent_id", nil], ["name", "Company #1"], ["contact_number", nil], ["type", "Organization::Company"], ["created_at", "2025-06-07 20:23:49.211778"], ["updated_at", "2025-06-07 20:23:49.211778"]]
  [1m[36mTRANSACTION (0.9ms)[0m  [1m[35mCOMMIT[0m
  [1m[36mTRANSACTION (0.1ms)[0m  [1m[35mBEGIN[0m
  [1m[36mAddress Create (0.5ms)[0m  [1m[32mINSERT INTO "addresses" ("addressable_type", "addressable_id", "name", "latitude", "longitude", "created_at", "updated_at") VALUES ($1, $2, $3, $4, $5, $6, $7) RETURNING "id"[0m  [["addressable_type", "Organization"], ["addressable_id", 48], ["name", "Bandung"], ["latitude", nil], ["longitude", nil], ["created_at", "2025-06-07 20:23:49.228293"], ["updated_at", "2025-06-07 20:23:49.228293"]]
  [1m[36mTRANSACTION (3.9ms)[0m  [1m[35mCOMMIT[0m
  [1m[36mAddress Load (0.2ms)[0m  [1m[34mSELECT "addresses".* FROM "addresses" WHERE "addresses"."addressable_id" = $1 AND "addresses"."addressable_type" = $2 LIMIT $3[0m  [["addressable_id", 48], ["addressable_type", "Organization"], ["LIMIT", 1]]
  [1m[36mTRANSACTION (0.1ms)[0m  [1m[35mBEGIN[0m
  [1m[36mAsset Create (0.4ms)[0m  [1m[32mINSERT INTO "assets" ("owner_type", "owner_id", "name", "description", "created_at", "updated_at") VALUES ($1, $2, $3, $4, $5, $6) RETURNING "id"[0m  [["owner_type", "Organization"], ["owner_id", 48], ["name", "Asset #1"], ["description", nil], ["created_at", "2025-06-07 20:23:49.304284"], ["updated_at", "2025-06-07 20:23:49.304284"]]
  [1m[36mTRANSACTION (0.9ms)[0m  [1m[35mCOMMIT[0m
  [1m[36mAssetCore::Record::Generic Load (0.5ms)[0m  [1m[34mSELECT "asset_core_records".* FROM "asset_core_records" WHERE "asset_core_records"."type" = $1 AND "asset_core_records"."asset_id" = $2 AND "asset_core_records"."asset_type" = $3 LIMIT $4[0m  [["type", "AssetCore::Record::Generic"], ["asset_id", 22], ["asset_type", "Asset"], ["LIMIT", 1]]
  ↳ (byebug):1:in `<top (required)>'
  [1m[36mActiveRecord::SchemaMigration Pluck (0.5ms)[0m  [1m[34mSELECT "schema_migrations"."version" FROM "schema_migrations" ORDER BY "schema_migrations"."version" ASC[0m
  [1m[35m (3.8ms)[0m  [1m[35mTRUNCATE TABLE "organizations"[0m
  [1m[35m (2.4ms)[0m  [1m[35mTRUNCATE TABLE "addresses"[0m
  [1m[35m (2.2ms)[0m  [1m[35mTRUNCATE TABLE "assets"[0m
  [1m[35m (2.0ms)[0m  [1m[35mTRUNCATE TABLE "invoices"[0m
  [1m[35m (3.4ms)[0m  [1m[35mTRUNCATE TABLE "asset_core_records"[0m
  [1m[35m (3.1ms)[0m  [1m[35mTRUNCATE TABLE "asset_core_entries"[0m
  [1m[35m (3.1ms)[0m  [1m[35mTRUNCATE TABLE "asset_core_states"[0m
  [1m[35m (2.2ms)[0m  [1m[35mTRUNCATE TABLE "asset_core_models"[0m
  [1m[35m (2.4ms)[0m  [1m[35mTRUNCATE TABLE "asset_core_entry_items"[0m
  [1m[36mTRANSACTION (0.1ms)[0m  [1m[35mBEGIN[0m
  [1m[36mOrganization::Company Create (0.5ms)[0m  [1m[32mINSERT INTO "organizations" ("parent_id", "name", "contact_number", "type", "created_at", "updated_at") VALUES ($1, $2, $3, $4, $5, $6) RETURNING "id"[0m  [["parent_id", nil], ["name", "Company #1"], ["contact_number", nil], ["type", "Organization::Company"], ["created_at", "2025-06-07 20:28:00.520269"], ["updated_at", "2025-06-07 20:28:00.520269"]]
  [1m[36mTRANSACTION (0.9ms)[0m  [1m[35mCOMMIT[0m
  [1m[36mTRANSACTION (0.1ms)[0m  [1m[35mBEGIN[0m
  [1m[36mAddress Create (0.5ms)[0m  [1m[32mINSERT INTO "addresses" ("addressable_type", "addressable_id", "name", "latitude", "longitude", "created_at", "updated_at") VALUES ($1, $2, $3, $4, $5, $6, $7) RETURNING "id"[0m  [["addressable_type", "Organization"], ["addressable_id", 49], ["name", "Bandung"], ["latitude", nil], ["longitude", nil], ["created_at", "2025-06-07 20:28:00.537883"], ["updated_at", "2025-06-07 20:28:00.537883"]]
  [1m[36mTRANSACTION (1.0ms)[0m  [1m[35mCOMMIT[0m
  [1m[36mAddress Load (0.2ms)[0m  [1m[34mSELECT "addresses".* FROM "addresses" WHERE "addresses"."addressable_id" = $1 AND "addresses"."addressable_type" = $2 LIMIT $3[0m  [["addressable_id", 49], ["addressable_type", "Organization"], ["LIMIT", 1]]
  [1m[36mTRANSACTION (0.1ms)[0m  [1m[35mBEGIN[0m
  [1m[36mAsset Create (0.4ms)[0m  [1m[32mINSERT INTO "assets" ("owner_type", "owner_id", "name", "description", "created_at", "updated_at") VALUES ($1, $2, $3, $4, $5, $6) RETURNING "id"[0m  [["owner_type", "Organization"], ["owner_id", 49], ["name", "Asset #1"], ["description", nil], ["created_at", "2025-06-07 20:28:00.559661"], ["updated_at", "2025-06-07 20:28:00.559661"]]
  [1m[36mTRANSACTION (0.9ms)[0m  [1m[35mCOMMIT[0m
  [1m[36mActiveRecord::SchemaMigration Pluck (0.4ms)[0m  [1m[34mSELECT "schema_migrations"."version" FROM "schema_migrations" ORDER BY "schema_migrations"."version" ASC[0m
  [1m[35m (9.4ms)[0m  [1m[35mTRUNCATE TABLE "organizations"[0m
  [1m[35m (2.2ms)[0m  [1m[35mTRUNCATE TABLE "addresses"[0m
  [1m[35m (2.2ms)[0m  [1m[35mTRUNCATE TABLE "assets"[0m
  [1m[35m (2.0ms)[0m  [1m[35mTRUNCATE TABLE "invoices"[0m
  [1m[35m (3.5ms)[0m  [1m[35mTRUNCATE TABLE "asset_core_records"[0m
  [1m[35m (3.1ms)[0m  [1m[35mTRUNCATE TABLE "asset_core_entries"[0m
  [1m[35m (3.2ms)[0m  [1m[35mTRUNCATE TABLE "asset_core_states"[0m
  [1m[35m (2.3ms)[0m  [1m[35mTRUNCATE TABLE "asset_core_models"[0m
  [1m[35m (2.5ms)[0m  [1m[35mTRUNCATE TABLE "asset_core_entry_items"[0m
  [1m[36mTRANSACTION (0.1ms)[0m  [1m[35mBEGIN[0m
  [1m[36mOrganization::Company Create (0.6ms)[0m  [1m[32mINSERT INTO "organizations" ("parent_id", "name", "contact_number", "type", "created_at", "updated_at") VALUES ($1, $2, $3, $4, $5, $6) RETURNING "id"[0m  [["parent_id", nil], ["name", "Company #1"], ["contact_number", nil], ["type", "Organization::Company"], ["created_at", "2025-06-07 20:28:18.065416"], ["updated_at", "2025-06-07 20:28:18.065416"]]
  [1m[36mTRANSACTION (0.9ms)[0m  [1m[35mCOMMIT[0m
  [1m[36mTRANSACTION (0.1ms)[0m  [1m[35mBEGIN[0m
  [1m[36mAddress Create (0.4ms)[0m  [1m[32mINSERT INTO "addresses" ("addressable_type", "addressable_id", "name", "latitude", "longitude", "created_at", "updated_at") VALUES ($1, $2, $3, $4, $5, $6, $7) RETURNING "id"[0m  [["addressable_type", "Organization"], ["addressable_id", 50], ["name", "Bandung"], ["latitude", nil], ["longitude", nil], ["created_at", "2025-06-07 20:28:18.091961"], ["updated_at", "2025-06-07 20:28:18.091961"]]
  [1m[36mTRANSACTION (0.9ms)[0m  [1m[35mCOMMIT[0m
  [1m[36mAddress Load (0.2ms)[0m  [1m[34mSELECT "addresses".* FROM "addresses" WHERE "addresses"."addressable_id" = $1 AND "addresses"."addressable_type" = $2 LIMIT $3[0m  [["addressable_id", 50], ["addressable_type", "Organization"], ["LIMIT", 1]]
  [1m[36mTRANSACTION (0.1ms)[0m  [1m[35mBEGIN[0m
  [1m[36mAsset Create (0.5ms)[0m  [1m[32mINSERT INTO "assets" ("owner_type", "owner_id", "name", "description", "created_at", "updated_at") VALUES ($1, $2, $3, $4, $5, $6) RETURNING "id"[0m  [["owner_type", "Organization"], ["owner_id", 50], ["name", "Asset #1"], ["description", nil], ["created_at", "2025-06-07 20:28:18.113167"], ["updated_at", "2025-06-07 20:28:18.113167"]]
  [1m[36mTRANSACTION (0.9ms)[0m  [1m[35mCOMMIT[0m
  [1m[36mActiveRecord::SchemaMigration Pluck (0.5ms)[0m  [1m[34mSELECT "schema_migrations"."version" FROM "schema_migrations" ORDER BY "schema_migrations"."version" ASC[0m
  [1m[35m (9.4ms)[0m  [1m[35mTRUNCATE TABLE "organizations"[0m
  [1m[35m (2.4ms)[0m  [1m[35mTRUNCATE TABLE "addresses"[0m
  [1m[35m (2.2ms)[0m  [1m[35mTRUNCATE TABLE "assets"[0m
  [1m[35m (1.9ms)[0m  [1m[35mTRUNCATE TABLE "invoices"[0m
  [1m[35m (3.4ms)[0m  [1m[35mTRUNCATE TABLE "asset_core_records"[0m
  [1m[35m (3.1ms)[0m  [1m[35mTRUNCATE TABLE "asset_core_entries"[0m
  [1m[35m (3.2ms)[0m  [1m[35mTRUNCATE TABLE "asset_core_states"[0m
  [1m[35m (2.2ms)[0m  [1m[35mTRUNCATE TABLE "asset_core_models"[0m
  [1m[35m (2.6ms)[0m  [1m[35mTRUNCATE TABLE "asset_core_entry_items"[0m
  [1m[36mTRANSACTION (0.1ms)[0m  [1m[35mBEGIN[0m
  [1m[36mOrganization::Company Create (0.9ms)[0m  [1m[32mINSERT INTO "organizations" ("parent_id", "name", "contact_number", "type", "created_at", "updated_at") VALUES ($1, $2, $3, $4, $5, $6) RETURNING "id"[0m  [["parent_id", nil], ["name", "Company #1"], ["contact_number", nil], ["type", "Organization::Company"], ["created_at", "2025-06-07 20:28:44.163133"], ["updated_at", "2025-06-07 20:28:44.163133"]]
  [1m[36mTRANSACTION (1.0ms)[0m  [1m[35mCOMMIT[0m
  [1m[36mTRANSACTION (0.3ms)[0m  [1m[35mBEGIN[0m
  [1m[36mAddress Create (0.5ms)[0m  [1m[32mINSERT INTO "addresses" ("addressable_type", "addressable_id", "name", "latitude", "longitude", "created_at", "updated_at") VALUES ($1, $2, $3, $4, $5, $6, $7) RETURNING "id"[0m  [["addressable_type", "Organization"], ["addressable_id", 51], ["name", "Bandung"], ["latitude", nil], ["longitude", nil], ["created_at", "2025-06-07 20:28:44.188683"], ["updated_at", "2025-06-07 20:28:44.188683"]]
  [1m[36mTRANSACTION (0.9ms)[0m  [1m[35mCOMMIT[0m
  [1m[36mAddress Load (0.2ms)[0m  [1m[34mSELECT "addresses".* FROM "addresses" WHERE "addresses"."addressable_id" = $1 AND "addresses"."addressable_type" = $2 LIMIT $3[0m  [["addressable_id", 51], ["addressable_type", "Organization"], ["LIMIT", 1]]
  [1m[36mTRANSACTION (0.1ms)[0m  [1m[35mBEGIN[0m
  [1m[36mAsset Create (0.4ms)[0m  [1m[32mINSERT INTO "assets" ("owner_type", "owner_id", "name", "description", "created_at", "updated_at") VALUES ($1, $2, $3, $4, $5, $6) RETURNING "id"[0m  [["owner_type", "Organization"], ["owner_id", 51], ["name", "Asset #1"], ["description", nil], ["created_at", "2025-06-07 20:28:44.211101"], ["updated_at", "2025-06-07 20:28:44.211101"]]
  [1m[36mTRANSACTION (0.9ms)[0m  [1m[35mCOMMIT[0m
  [1m[36mActiveRecord::SchemaMigration Pluck (0.4ms)[0m  [1m[34mSELECT "schema_migrations"."version" FROM "schema_migrations" ORDER BY "schema_migrations"."version" ASC[0m
  [1m[35m (8.7ms)[0m  [1m[35mTRUNCATE TABLE "organizations"[0m
  [1m[35m (1.7ms)[0m  [1m[35mTRUNCATE TABLE "addresses"[0m
  [1m[35m (1.7ms)[0m  [1m[35mTRUNCATE TABLE "assets"[0m
  [1m[35m (1.5ms)[0m  [1m[35mTRUNCATE TABLE "invoices"[0m
  [1m[35m (2.3ms)[0m  [1m[35mTRUNCATE TABLE "asset_core_records"[0m
  [1m[35m (2.0ms)[0m  [1m[35mTRUNCATE TABLE "asset_core_entries"[0m
  [1m[35m (2.1ms)[0m  [1m[35mTRUNCATE TABLE "asset_core_states"[0m
  [1m[35m (1.6ms)[0m  [1m[35mTRUNCATE TABLE "asset_core_models"[0m
  [1m[35m (1.8ms)[0m  [1m[35mTRUNCATE TABLE "asset_core_entry_items"[0m
  [1m[36mTRANSACTION (0.1ms)[0m  [1m[35mBEGIN[0m
  [1m[36mOrganization::Company Create (0.4ms)[0m  [1m[32mINSERT INTO "organizations" ("parent_id", "name", "contact_number", "type", "created_at", "updated_at") VALUES ($1, $2, $3, $4, $5, $6) RETURNING "id"[0m  [["parent_id", nil], ["name", "Company #1"], ["contact_number", nil], ["type", "Organization::Company"], ["created_at", "2025-06-07 20:29:34.930511"], ["updated_at", "2025-06-07 20:29:34.930511"]]
  [1m[36mTRANSACTION (0.9ms)[0m  [1m[35mCOMMIT[0m
  [1m[36mTRANSACTION (0.1ms)[0m  [1m[35mBEGIN[0m
  [1m[36mAddress Create (0.3ms)[0m  [1m[32mINSERT INTO "addresses" ("addressable_type", "addressable_id", "name", "latitude", "longitude", "created_at", "updated_at") VALUES ($1, $2, $3, $4, $5, $6, $7) RETURNING "id"[0m  [["addressable_type", "Organization"], ["addressable_id", 52], ["name", "Bandung"], ["latitude", nil], ["longitude", nil], ["created_at", "2025-06-07 20:29:34.946556"], ["updated_at", "2025-06-07 20:29:34.946556"]]
  [1m[36mTRANSACTION (1.1ms)[0m  [1m[35mCOMMIT[0m
  [1m[36mAddress Load (0.2ms)[0m  [1m[34mSELECT "addresses".* FROM "addresses" WHERE "addresses"."addressable_id" = $1 AND "addresses"."addressable_type" = $2 LIMIT $3[0m  [["addressable_id", 52], ["addressable_type", "Organization"], ["LIMIT", 1]]
  [1m[36mTRANSACTION (0.1ms)[0m  [1m[35mBEGIN[0m
  [1m[36mAsset Create (0.5ms)[0m  [1m[32mINSERT INTO "assets" ("owner_type", "owner_id", "name", "description", "created_at", "updated_at") VALUES ($1, $2, $3, $4, $5, $6) RETURNING "id"[0m  [["owner_type", "Organization"], ["owner_id", 52], ["name", "Asset #1"], ["description", nil], ["created_at", "2025-06-07 20:29:34.969597"], ["updated_at", "2025-06-07 20:29:34.969597"]]
  [1m[36mTRANSACTION (0.9ms)[0m  [1m[35mCOMMIT[0m
  [1m[36mAssetCore::Record::Generic Load (0.5ms)[0m  [1m[34mSELECT "asset_core_records".* FROM "asset_core_records" WHERE "asset_core_records"."type" = $1 AND "asset_core_records"."asset_id" = $2 AND "asset_core_records"."asset_type" = $3 LIMIT $4[0m  [["type", "AssetCore::Record::Generic"], ["asset_id", 26], ["asset_type", "Asset"], ["LIMIT", 1]]
  [1m[36mActiveRecord::SchemaMigration Pluck (0.4ms)[0m  [1m[34mSELECT "schema_migrations"."version" FROM "schema_migrations" ORDER BY "schema_migrations"."version" ASC[0m
  [1m[35m (3.4ms)[0m  [1m[35mTRUNCATE TABLE "organizations"[0m
  [1m[35m (2.4ms)[0m  [1m[35mTRUNCATE TABLE "addresses"[0m
  [1m[35m (2.4ms)[0m  [1m[35mTRUNCATE TABLE "assets"[0m
  [1m[35m (2.0ms)[0m  [1m[35mTRUNCATE TABLE "invoices"[0m
  [1m[35m (3.8ms)[0m  [1m[35mTRUNCATE TABLE "asset_core_records"[0m
  [1m[35m (3.3ms)[0m  [1m[35mTRUNCATE TABLE "asset_core_entries"[0m
  [1m[35m (3.4ms)[0m  [1m[35mTRUNCATE TABLE "asset_core_states"[0m
  [1m[35m (2.3ms)[0m  [1m[35mTRUNCATE TABLE "asset_core_models"[0m
  [1m[35m (2.7ms)[0m  [1m[35mTRUNCATE TABLE "asset_core_entry_items"[0m
  [1m[36mTRANSACTION (0.1ms)[0m  [1m[35mBEGIN[0m
  [1m[36mOrganization::Company Create (0.4ms)[0m  [1m[32mINSERT INTO "organizations" ("parent_id", "name", "contact_number", "type", "created_at", "updated_at") VALUES ($1, $2, $3, $4, $5, $6) RETURNING "id"[0m  [["parent_id", nil], ["name", "Company #1"], ["contact_number", nil], ["type", "Organization::Company"], ["created_at", "2025-06-07 20:30:35.077369"], ["updated_at", "2025-06-07 20:30:35.077369"]]
  [1m[36mTRANSACTION (0.9ms)[0m  [1m[35mCOMMIT[0m
  [1m[36mTRANSACTION (0.1ms)[0m  [1m[35mBEGIN[0m
  [1m[36mAddress Create (0.4ms)[0m  [1m[32mINSERT INTO "addresses" ("addressable_type", "addressable_id", "name", "latitude", "longitude", "created_at", "updated_at") VALUES ($1, $2, $3, $4, $5, $6, $7) RETURNING "id"[0m  [["addressable_type", "Organization"], ["addressable_id", 53], ["name", "Bandung"], ["latitude", nil], ["longitude", nil], ["created_at", "2025-06-07 20:30:35.099304"], ["updated_at", "2025-06-07 20:30:35.099304"]]
  [1m[36mTRANSACTION (0.9ms)[0m  [1m[35mCOMMIT[0m
  [1m[36mAddress Load (0.1ms)[0m  [1m[34mSELECT "addresses".* FROM "addresses" WHERE "addresses"."addressable_id" = $1 AND "addresses"."addressable_type" = $2 LIMIT $3[0m  [["addressable_id", 53], ["addressable_type", "Organization"], ["LIMIT", 1]]
  [1m[36mTRANSACTION (0.1ms)[0m  [1m[35mBEGIN[0m
  [1m[36mAsset Create (0.3ms)[0m  [1m[32mINSERT INTO "assets" ("owner_type", "owner_id", "name", "description", "created_at", "updated_at") VALUES ($1, $2, $3, $4, $5, $6) RETURNING "id"[0m  [["owner_type", "Organization"], ["owner_id", 53], ["name", "Asset #1"], ["description", nil], ["created_at", "2025-06-07 20:30:35.118301"], ["updated_at", "2025-06-07 20:30:35.118301"]]
  [1m[36mTRANSACTION (0.9ms)[0m  [1m[35mCOMMIT[0m
  [1m[36mAssetCore::Record::Generic Load (0.4ms)[0m  [1m[34mSELECT "asset_core_records".* FROM "asset_core_records" WHERE "asset_core_records"."type" = $1 AND "asset_core_records"."asset_id" = $2 AND "asset_core_records"."asset_type" = $3 LIMIT $4[0m  [["type", "AssetCore::Record::Generic"], ["asset_id", 27], ["asset_type", "Asset"], ["LIMIT", 1]]
